,Codigo Municipio,Municipio,Casos Loxoscélico Normalizado,Soro Loxoscélico Normalizado,Casos Botrópico Normalizado,Soro Botrópico Normalizado,Casos Crotálico Normalizado,Soro Crotálico Normalizado,Casos Elapídico Normalizado,Soro Elapídico Normalizado,Casos Escorpiônico Normalizado,Soro Escorpiônico Normalizado,Casos Lonômico Normalizado,Soro Lonômico Normalizado,Casos Laquético Normalizado,Soro Laquético Normalizado,Casos Fonêutrico Normalizado,Soro Fonêutrico Normalizado
0,351300,Cotia,0.3448275862068966,0.6,0.3488372093023256,0.30952380952380953,0.2,0.25,0.5,1.0,0.0035211267605633804,0.02666666666666667,0.2,1.0,1.0,,0.3541666666666667,0.16666666666666666
1,353282,Nova Campina,0.034482758620689655,0.2,0.023255813953488372,0.023809523809523808,0.2,,,,0.0005868544600938967,0.013333333333333334,,,,,0.020833333333333332,
2,350250,Aparecida,0.034482758620689655,0.2,0.023255813953488372,0.023809523809523808,0.2,0.25,,,0.02992957746478873,0.05333333333333334,,,,,0.020833333333333332,
3,354330,Ribeirão Pires,0.06896551724137931,0.2,0.13953488372093023,0.11904761904761904,0.2,,,,0.0005868544600938967,,0.06666666666666667,,,,0.0625,0.16666666666666666
4,354200,Quintana,,,0.023255813953488372,0.023809523809523808,0.2,0.25,0.5,1.0,0.014084507042253521,0.013333333333333334,,,,,,
5,354510,Salmourão,,,0.023255813953488372,0.023809523809523808,,,,,0.008215962441314555,0.013333333333333334,,,,,,
6,353280,Nova Aliança,0.034482758620689655,,0.023255813953488372,0.023809523809523808,0.2,0.25,,,0.02699530516431925,0.013333333333333334,,,,,0.020833333333333332,
7,353590,Paranapuã,0.034482758620689655,0.2,0.023255813953488372,0.023809523809523808,,,,,0.017018779342723004,0.013333333333333334,,,,,,
8,352280,Itaporanga,0.034482758620689655,0.2,0.023255813953488372,0.023809523809523808,0.4,0.25,,,0.0017605633802816902,0.013333333333333334,0.06666666666666667,,,,0.041666666666666664,0.16666666666666666
9,352590,Jundiaí,0.1724137931034483,0.2,0.13953488372093023,0.14285714285714285,0.2,0.25,0.5,,0.05457746478873239,0.04,0.13333333333333333,,,,0.14583333333333334,0.16666666666666666
10,353460,Osvaldo Cruz,,,0.023255813953488372,0.023809523809523808,,,,,0.0528169014084507,0.06666666666666667,,,,,0.020833333333333332,
11,351610,Florínea,,,,,,,,,0.0035211267605633804,0.013333333333333334,,,,,,
12,350820,Buritizal,,,,,0.2,0.25,,,0.005868544600938967,0.02666666666666667,,,,,0.020833333333333332,
13,350690,Bofete,0.034482758620689655,,0.046511627906976744,0.047619047619047616,0.2,0.25,,,0.045774647887323945,0.013333333333333334,0.06666666666666667,,,,0.041666666666666664,
14,353286,Nova Castilho,,,0.023255813953488372,0.023809523809523808,,,,,0.005868544600938967,0.013333333333333334,,,,,0.020833333333333332,
15,353940,Piratininga,,,0.023255813953488372,0.023809523809523808,0.2,0.25,0.5,1.0,0.009389671361502348,0.013333333333333334,,,,,0.020833333333333332,
16,352460,Jacupiranga,0.034482758620689655,0.2,0.27906976744186046,0.23809523809523808,,,,,0.0005868544600938967,,,,,,0.0625,0.16666666666666666
17,353810,Pindorama,0.034482758620689655,,0.023255813953488372,0.023809523809523808,,,,,0.018779342723004695,0.013333333333333334,,,,,0.020833333333333332,
18,352870,Marabá Paulista,,,0.023255813953488372,0.023809523809523808,0.2,0.25,,,0.025821596244131457,0.013333333333333334,,,,,,
19,351150,Cerquilho,0.034482758620689655,0.2,0.023255813953488372,0.023809523809523808,,,,,0.02523474178403756,0.02666666666666667,,,,,0.020833333333333332,
20,353284,Nova Canaã Paulista,,,0.023255813953488372,0.023809523809523808,,,,,0.009389671361502348,0.013333333333333334,,,,,,
21,355310,Taiaçu,0.034482758620689655,0.2,,,,,,,0.018192488262910797,0.013333333333333334,,,,,,
22,350080,Alfredo Marcondes,,,0.023255813953488372,,,,,,0.005868544600938967,0.013333333333333334,0.06666666666666667,,,,,
23,354160,Promissão,0.034482758620689655,,0.11627906976744186,0.09523809523809523,0.2,0.25,,,0.11795774647887323,0.13333333333333333,,,1.0,1.0,,
24,351020,Capão Bonito,0.034482758620689655,0.2,0.16279069767441862,0.16666666666666666,0.2,0.25,,,0.0029342723004694834,0.013333333333333334,,,,,0.125,0.16666666666666666
25,350560,Barrinha,,,0.023255813953488372,0.023809523809523808,0.2,0.25,,,0.017605633802816902,0.02666666666666667,,,,,,
26,354030,Pontes Gestal,0.034482758620689655,0.2,0.023255813953488372,0.023809523809523808,0.2,0.25,,,0.01056338028169014,0.013333333333333334,,,,,0.020833333333333332,
27,354165,Quadra,0.034482758620689655,,0.023255813953488372,0.023809523809523808,,,0.5,,0.0005868544600938967,,,,,,0.020833333333333332,
28,354515,Saltinho,0.034482758620689655,0.2,0.023255813953488372,0.023809523809523808,,,,,0.028755868544600938,0.013333333333333334,0.06666666666666667,,,,0.020833333333333332,
29,352740,Lucélia,,,0.023255813953488372,0.023809523809523808,0.2,,,,0.02992957746478873,0.04,,,,,,
30,354290,Ribeirão Bonito,0.034482758620689655,,0.046511627906976744,0.047619047619047616,0.2,0.25,0.5,,0.02464788732394366,0.013333333333333334,,,,,0.020833333333333332,
31,351740,Guaíra,0.034482758620689655,,0.046511627906976744,0.047619047619047616,0.2,0.25,0.5,,0.10915492957746478,0.08,,,,,0.020833333333333332,
32,352610,Juquiá,0.06896551724137931,0.2,0.37209302325581395,0.38095238095238093,,,,,0.0005868544600938967,0.013333333333333334,,,,,0.0625,0.3333333333333333
33,354770,Santo Anastácio,0.034482758620689655,0.2,0.023255813953488372,0.023809523809523808,0.2,0.25,,,0.06455399061032864,0.08,,,,,,
34,354640,Santa Cruz do Rio Pardo,0.10344827586206896,0.4,0.023255813953488372,0.023809523809523808,0.2,0.25,0.5,,0.09154929577464789,0.12,0.06666666666666667,,,,0.041666666666666664,0.16666666666666666
35,354950,São José da Bela Vista,,,0.023255813953488372,0.023809523809523808,0.2,0.25,,,0.0005868544600938967,0.013333333333333334,,,,,,
36,355030,São Paulo,1.0,1.0,0.9534883720930233,0.8333333333333334,0.4,0.25,0.5,1.0,0.23767605633802816,0.2,0.13333333333333333,1.0,1.0,1.0,1.0,0.3333333333333333
37,350300,Aramina,,,0.023255813953488372,0.023809523809523808,,,,,0.006455399061032864,0.02666666666666667,,,,,,
38,354820,Santo Antônio do Pinhal,0.06896551724137931,,0.046511627906976744,0.047619047619047616,,,,,0.0005868544600938967,0.013333333333333334,,,,,0.125,
39,351870,Guarujá,0.10344827586206896,,0.2558139534883721,0.16666666666666666,,,,,0.0005868544600938967,0.013333333333333334,,,,,0.020833333333333332,
40,353330,Nova Luzitânia,0.034482758620689655,0.2,0.023255813953488372,0.023809523809523808,,,,,0.005868544600938967,0.013333333333333334,,,,,,
41,353200,Morungaba,0.034482758620689655,,0.023255813953488372,0.023809523809523808,0.2,0.25,,,0.005868544600938967,0.013333333333333334,0.06666666666666667,,,,0.020833333333333332,
42,352330,Itariri,0.034482758620689655,,0.20930232558139536,0.21428571428571427,0.2,0.25,,,0.0005868544600938967,,,,,,0.020833333333333332,0.16666666666666666
43,355270,Tabatinga,,,0.023255813953488372,0.023809523809523808,0.2,0.25,,,0.03051643192488263,0.013333333333333334,,,,,,
44,351390,Divinolândia,0.034482758620689655,,0.046511627906976744,0.047619047619047616,0.4,0.5,,,0.002347417840375587,0.013333333333333334,0.06666666666666667,1.0,,,0.041666666666666664,0.16666666666666666
45,353510,Palmares Paulista,0.034482758620689655,,,,,,,,0.014084507042253521,0.013333333333333334,,,,,,
46,352200,Itaju,,,0.023255813953488372,0.023809523809523808,,,,,0.01995305164319249,0.02666666666666667,,,,,,
47,350430,Avaí,,,0.023255813953488372,0.023809523809523808,0.2,0.25,,,0.012910798122065728,0.02666666666666667,,,,,0.020833333333333332,
48,351260,Coronel Macedo,0.034482758620689655,,0.023255813953488372,0.023809523809523808,0.2,0.25,,,0.0005868544600938967,,,,,,0.041666666666666664,0.16666666666666666
49,352510,Jardinópolis,0.034482758620689655,,0.046511627906976744,0.023809523809523808,0.2,0.25,,,0.09389671361502347,0.06666666666666667,0.06666666666666667,,,,,
50,351570,Ferraz de Vasconcelos,0.034482758620689655,0.2,0.046511627906976744,0.047619047619047616,,,,,0.008215962441314555,0.02666666666666667,,,1.0,1.0,0.020833333333333332,
51,350610,Bebedouro,0.034482758620689655,0.2,0.046511627906976744,0.023809523809523808,0.2,0.25,,,0.15258215962441316,0.3333333333333333,,,,,0.020833333333333332,
52,355620,Valinhos,0.10344827586206896,0.2,0.023255813953488372,0.023809523809523808,,,,,0.020539906103286387,0.013333333333333334,0.3333333333333333,1.0,,,0.0625,0.16666666666666666
53,352920,Martinópolis,0.034482758620689655,,0.023255813953488372,0.023809523809523808,0.2,,,,0.040492957746478875,0.09333333333333334,,,,,0.020833333333333332,
54,351440,Dracena,0.034482758620689655,,0.023255813953488372,0.023809523809523808,0.2,0.25,,,0.13556338028169015,0.14666666666666667,0.06666666666666667,,,,0.020833333333333332,
55,354470,Sagres,,,0.023255813953488372,0.023809523809523808,,,,,0.005868544600938967,0.02666666666666667,,,,,,
56,351920,Iacri,0.034482758620689655,0.2,0.023255813953488372,0.023809523809523808,0.2,0.25,,,0.03697183098591549,0.02666666666666667,,,,,,
57,355140,Serra Azul,0.034482758620689655,,0.023255813953488372,0.023809523809523808,,,,,0.015258215962441314,0.013333333333333334,,,,,0.020833333333333332,
58,350130,Álvares Machado,0.034482758620689655,0.2,0.023255813953488372,0.023809523809523808,,,0.5,1.0,0.04107981220657277,0.04,0.06666666666666667,,,,,
59,353205,Motuca,,,0.023255813953488372,,0.2,0.25,,,0.00528169014084507,0.013333333333333334,,,,,,
60,353160,Monte Castelo,,,,,,,,,0.020539906103286387,0.02666666666666667,,,,,,
61,351925,Iaras,0.034482758620689655,,0.046511627906976744,0.047619047619047616,0.2,0.25,0.5,,0.007042253521126761,0.013333333333333334,0.06666666666666667,,,,,
62,352160,Irapuru,,,0.023255813953488372,0.023809523809523808,,,,,0.014671361502347418,0.013333333333333334,,,,,,
63,353030,Mirassol,0.034482758620689655,,0.06976744186046512,0.047619047619047616,0.2,,,,0.07746478873239436,0.05333333333333334,,,,,0.020833333333333332,
64,355580,Urânia,0.034482758620689655,0.2,0.023255813953488372,0.023809523809523808,,,,,0.04225352112676056,0.013333333333333334,,,,,0.020833333333333332,
65,352030,Iguape,0.06896551724137931,0.2,0.2558139534883721,0.23809523809523808,,,,,0.0005868544600938967,0.013333333333333334,,,,,0.0625,0.3333333333333333
66,354340,Ribeirão Preto,0.27586206896551724,0.2,0.06976744186046512,0.047619047619047616,0.8,0.25,0.5,,1.0,0.6666666666666666,0.26666666666666666,,,,0.041666666666666664,
67,355450,Tietê,0.034482758620689655,,0.023255813953488372,0.023809523809523808,0.2,0.25,0.5,,0.04812206572769953,0.02666666666666667,,,,,0.020833333333333332,0.16666666666666666
68,354210,Rafard,0.034482758620689655,,0.023255813953488372,,,,,,0.0029342723004694834,0.013333333333333334,,,,,0.020833333333333332,
69,354080,Potirendaba,0.034482758620689655,,0.06976744186046512,0.047619047619047616,0.2,0.25,,,0.07570422535211267,0.02666666666666667,,,,,,
70,350740,Borborema,0.034482758620689655,,0.023255813953488372,0.023809523809523808,0.2,0.25,,,0.08274647887323944,0.013333333333333334,,,,,0.020833333333333332,
71,353290,Nova Europa,,,0.023255813953488372,0.023809523809523808,0.2,0.25,,,0.025821596244131457,0.013333333333333334,,,,,,
72,352290,Itapuí,0.034482758620689655,,0.023255813953488372,0.023809523809523808,,,,,0.05046948356807512,0.05333333333333334,,,,,0.020833333333333332,
73,353770,Piacatu,0.034482758620689655,,0.023255813953488372,0.023809523809523808,0.2,0.25,,,0.02112676056338028,0.013333333333333334,,,,,,
74,353640,Paulicéia,,,0.046511627906976744,0.023809523809523808,0.2,,,,0.05575117370892019,0.02666666666666667,,,,,,
75,350870,Caconde,0.034482758620689655,0.2,0.06976744186046512,0.07142857142857142,0.8,1.0,0.5,1.0,0.009976525821596244,0.02666666666666667,0.06666666666666667,,,,0.020833333333333332,0.16666666666666666
76,353950,Pitangueiras,0.034482758620689655,,0.023255813953488372,0.023809523809523808,0.2,0.25,,,0.028169014084507043,0.06666666666666667,,,,,0.020833333333333332,
77,352880,Maracaí,,,,,0.2,0.25,,,0.02112676056338028,0.013333333333333334,,,,,,
78,353820,Pinhalzinho,0.034482758620689655,0.2,0.046511627906976744,0.047619047619047616,0.2,0.25,,,0.02699530516431925,0.013333333333333334,0.06666666666666667,,,,0.020833333333333332,
79,354085,Pracinha,,,0.023255813953488372,0.023809523809523808,,,,,0.0017605633802816902,,,,,,,
80,355320,Taiúva,,,,,,,,,0.017018779342723004,0.013333333333333334,,,,,0.020833333333333332,
81,355080,São Sebastião da Grama,0.10344827586206896,,0.046511627906976744,0.047619047619047616,0.2,0.25,0.5,,0.009389671361502348,,0.2,,,,0.0625,
82,350390,Arujá,0.13793103448275862,0.2,0.09302325581395349,0.07142857142857142,0.2,0.25,,,0.0017605633802816902,0.013333333333333334,0.06666666666666667,,,,0.10416666666666667,0.16666666666666666
83,351310,Cravinhos,0.034482758620689655,0.2,0.023255813953488372,0.023809523809523808,0.2,0.25,,,0.01995305164319249,0.02666666666666667,0.06666666666666667,,,,0.020833333333333332,
84,350260,Aparecida d'Oeste,,,0.023255813953488372,0.023809523809523808,,,,,0.03873239436619718,0.013333333333333334,,,,,,
85,350570,Barueri,0.06896551724137931,0.2,0.023255813953488372,0.023809523809523808,,,,,0.014084507042253521,,,,,,0.020833333333333332,0.16666666666666666
86,350395,Aspásia,,,0.023255813953488372,0.023809523809523808,,,,,0.007629107981220657,0.013333333333333334,,,,,,
87,350745,Borebi,0.034482758620689655,,0.023255813953488372,0.023809523809523808,0.2,0.25,,,0.00528169014084507,,,,,,,
88,350920,Cajamar,0.13793103448275862,0.2,0.06976744186046512,0.07142857142857142,0.2,0.25,0.5,,0.01995305164319249,0.02666666666666667,,,,,0.10416666666666667,0.16666666666666666
89,352885,Marapoama,0.034482758620689655,,,,0.2,0.25,,,0.007629107981220657,0.013333333333333334,,,,,0.020833333333333332,
90,353470,Ourinhos,0.034482758620689655,0.2,,,0.2,0.25,0.5,1.0,0.13204225352112675,0.08,,,,,0.020833333333333332,
91,352470,Jaguariúna,0.034482758620689655,,0.046511627906976744,0.023809523809523808,0.2,0.25,,,0.02992957746478873,0.02666666666666667,0.06666666666666667,,,,0.041666666666666664,
92,351620,Franca,0.10344827586206896,0.2,0.09302325581395349,0.09523809523809523,0.4,0.5,,,0.3057511737089202,0.26666666666666666,0.2,1.0,,,0.041666666666666664,0.16666666666666666
93,354780,Santo André,0.034482758620689655,0.2,0.11627906976744186,0.09523809523809523,,,,,0.004107981220657277,0.013333333333333334,0.06666666666666667,1.0,,,0.041666666666666664,
94,354650,Santa Ernestina,0.034482758620689655,,,,0.2,,,,0.007629107981220657,0.02666666666666667,,,,,,
95,350925,Cajati,0.10344827586206896,0.2,0.4186046511627907,0.40476190476190477,,,0.5,,0.0011737089201877935,0.02666666666666667,0.06666666666666667,,,,0.0625,0.16666666666666666
96,351160,Cesário Lange,0.034482758620689655,,0.023255813953488372,0.023809523809523808,,,0.5,,0.004107981220657277,,0.06666666666666667,,,,0.041666666666666664,
97,354870,São Bernardo do Campo,0.13793103448275862,0.2,0.27906976744186046,0.19047619047619047,0.2,,,,0.004107981220657277,0.013333333333333334,0.2,1.0,,,0.08333333333333333,
98,351880,Guarulhos,0.3103448275862069,0.6,0.13953488372093023,0.11904761904761904,0.2,,0.5,1.0,0.03697183098591549,0.04,0.06666666666666667,,,,0.4166666666666667,0.16666666666666666
99,355190,Severínia,0.034482758620689655,,,,,,,,0.05457746478873239,0.05333333333333334,0.06666666666666667,,,,,
100,350090,Altair,,,0.046511627906976744,0.047619047619047616,,,,,0.011737089201877934,0.013333333333333334,,,,,,
101,354130,Presidente Epitácio,,,0.046511627906976744,0.047619047619047616,0.2,0.25,,,0.09154929577464789,0.05333333333333334,,,,,,
102,351030,Capela do Alto,0.034482758620689655,0.2,0.046511627906976744,0.023809523809523808,,,,,0.004107981220657277,0.013333333333333334,0.06666666666666667,,,,0.041666666666666664,
103,353475,Ouroeste,0.034482758620689655,,0.023255813953488372,0.023809523809523808,0.2,0.25,,,0.06514084507042253,0.02666666666666667,,,,,,
104,353080,Mogi Mirim,0.034482758620689655,0.2,0.023255813953488372,0.023809523809523808,,,0.5,,0.09507042253521127,0.04,0.26666666666666666,,,,0.0625,0.16666666666666666
105,353340,Nova Odessa,0.034482758620689655,,,,,,0.5,,0.051056338028169015,0.013333333333333334,0.06666666666666667,,,,0.020833333333333332,
106,354000,Pompéia,0.034482758620689655,0.2,0.023255813953488372,0.023809523809523808,0.2,0.25,,,0.01584507042253521,0.013333333333333334,,,,,0.020833333333333332,
107,353210,Murutinga do Sul,,,0.023255813953488372,0.023809523809523808,0.2,,,,0.02523474178403756,0.013333333333333334,,,,,,
108,352340,Itatiba,0.10344827586206896,0.2,0.09302325581395349,0.07142857142857142,0.2,0.25,,,0.018779342723004695,0.013333333333333334,0.2,1.0,,,0.125,0.16666666666666666
109,352080,Inúbia Paulista,,,,,,,,,0.007629107981220657,0.013333333333333334,,,,,,
110,350440,Avanhandava,,,0.023255813953488372,0.023809523809523808,,,,,0.022300469483568074,0.02666666666666667,,,,,,
111,351270,Corumbataí,,,0.023255813953488372,0.023809523809523808,0.2,0.25,,,0.0035211267605633804,,0.06666666666666667,,,,0.041666666666666664,
112,352560,João Ramalho,,,0.023255813953488372,,0.2,0.25,,,0.006455399061032864,0.013333333333333334,,,,,,
113,352750,Lucianópolis,,,0.023255813953488372,0.023809523809523808,0.2,0.25,,,0.00528169014084507,,,,,,,
114,353430,Orlândia,0.034482758620689655,,0.023255813953488372,0.023809523809523808,0.2,0.25,,,0.011150234741784037,0.04,,,,,,
115,355630,Valparaíso,0.034482758620689655,0.2,0.046511627906976744,0.047619047619047616,0.2,0.25,,,0.09154929577464789,0.05333333333333334,,,,,0.020833333333333332,
116,351750,Guapiaçu,0.034482758620689655,,0.06976744186046512,0.047619047619047616,,,,,0.04518779342723005,0.02666666666666667,,,,,,
117,351885,Guatapará,0.034482758620689655,,0.023255813953488372,0.023809523809523808,0.2,0.25,0.5,,0.02464788732394366,0.02666666666666667,,,,,,
118,352620,Juquitiba,0.10344827586206896,0.2,0.27906976744186046,0.23809523809523808,,,1.0,1.0,0.002347417840375587,0.02666666666666667,0.06666666666666667,,,,0.10416666666666667,0.16666666666666666
119,352930,Matão,0.06896551724137931,0.2,0.046511627906976744,0.047619047619047616,0.2,0.25,,,0.08568075117370892,0.05333333333333334,,,,,0.020833333333333332,
120,352430,Jaboticabal,0.06896551724137931,0.2,0.023255813953488372,0.023809523809523808,0.2,0.25,,,0.08215962441314555,0.05333333333333334,,,,,,
121,351930,Ibaté,0.034482758620689655,0.2,0.023255813953488372,0.023809523809523808,0.2,0.25,,,0.009389671361502348,0.013333333333333334,,,,,,
122,354740,Santa Rita d'Oeste,,,0.023255813953488372,0.023809523809523808,,,,,0.01643192488262911,0.013333333333333334,,,,,0.020833333333333332,
123,354610,Santa Clara d'Oeste,,,0.023255813953488372,0.023809523809523808,,,,,0.014671361502347418,0.02666666666666667,,,,,0.020833333333333332,
124,350310,Arandu,0.034482758620689655,,0.023255813953488372,0.023809523809523808,0.2,0.25,,,0.01643192488262911,0.013333333333333334,,,,,0.020833333333333332,
125,351120,Catiguá,,,,,,,,,0.00528169014084507,0.013333333333333334,,,,,0.020833333333333332,
126,355000,São Luiz do Paraitinga,0.034482758620689655,0.2,0.11627906976744186,0.09523809523809523,0.4,0.5,,,0.007629107981220657,0.013333333333333334,0.06666666666666667,,,,0.4791666666666667,0.16666666666666666
127,350315,Arapeí,,,0.023255813953488372,0.023809523809523808,0.2,,,,0.0005868544600938967,,,,,,0.020833333333333332,
128,355370,Taquaritinga,0.034482758620689655,,0.023255813953488372,0.023809523809523808,0.2,0.25,,,0.15082159624413147,0.12,,,,,0.020833333333333332,
129,353300,Nova Granada,0.034482758620689655,,0.11627906976744186,0.07142857142857142,0.2,0.25,,,0.06807511737089202,0.05333333333333334,0.06666666666666667,,,,0.041666666666666664,
130,352300,Itapura,,,0.023255813953488372,0.023809523809523808,,,,,0.009976525821596244,0.013333333333333334,,,,,,
131,351495,Embaúba,,,0.023255813953488372,0.023809523809523808,,,,,0.004107981220657277,0.013333333333333334,,,,,0.020833333333333332,
132,351230,Conchas,0.06896551724137931,0.2,0.023255813953488372,0.023809523809523808,0.2,,0.5,,0.041666666666666664,0.05333333333333334,,,,,0.041666666666666664,
133,354390,Rio Claro,0.06896551724137931,,0.046511627906976744,0.023809523809523808,0.2,0.25,,,0.0721830985915493,0.02666666666666667,0.2,,1.0,,0.0625,0.16666666666666666
134,355720,Chavantes,0.034482758620689655,,,,,,0.5,1.0,0.008215962441314555,0.013333333333333334,,,,,,
135,350620,Bento de Abreu,,,,,,,0.5,,0.006455399061032864,0.013333333333333334,,,,,,
136,354260,Registro,0.06896551724137931,0.2,0.3023255813953488,0.23809523809523808,,,,,0.00528169014084507,0.013333333333333334,0.06666666666666667,,,,0.10416666666666667,0.16666666666666666
137,354570,Santa Albertina,,,0.046511627906976744,0.023809523809523808,,,,,0.034624413145539906,0.013333333333333334,0.06666666666666667,,,,,
138,353780,Piedade,0.10344827586206896,0.2,0.46511627906976744,0.42857142857142855,0.2,0.25,,,0.0029342723004694834,0.04,0.06666666666666667,,,,0.10416666666666667,0.3333333333333333
139,354440,Rubiácea,,,,,0.2,0.25,,,0.002347417840375587,0.013333333333333334,,,,,,
140,350055,Águas de Santa Bárbara,0.034482758620689655,,0.023255813953488372,0.023809523809523808,0.2,0.25,,,0.008215962441314555,,,,,,0.020833333333333332,
141,354920,São João das Duas Pontes,0.034482758620689655,,0.023255813953488372,0.023809523809523808,0.2,,,,0.011150234741784037,0.013333333333333334,,,,,0.020833333333333332,
142,352800,Macatuba,0.034482758620689655,0.2,0.023255813953488372,0.023809523809523808,,,,,0.0017605633802816902,,,,,,,
143,350880,Cafelândia,0.034482758620689655,,0.023255813953488372,0.023809523809523808,0.2,0.25,,,0.0357981220657277,0.08,,,,,,
144,351800,Guarani d'Oeste,,,,,0.2,0.25,,,0.007042253521126761,0.013333333333333334,,,,,,
145,355110,Sarapuí,0.034482758620689655,,0.023255813953488372,0.023809523809523808,0.4,0.25,,,0.005868544600938967,0.013333333333333334,,,,,0.020833333333333332,0.16666666666666666
146,353870,Piracicaba,0.2413793103448276,0.2,0.046511627906976744,0.023809523809523808,0.8,0.5,0.5,,0.8210093896713615,0.26666666666666666,0.2,1.0,,,0.08333333333333333,
147,353130,Monte Alto,0.06896551724137931,,,,,,0.5,,0.05868544600938967,0.05333333333333334,0.06666666666666667,,,,0.020833333333333332,
148,352130,Ipuã,,,0.023255813953488372,0.023809523809523808,0.2,0.25,0.5,1.0,0.018779342723004695,0.04,,,,,0.020833333333333332,0.16666666666666666
149,353000,Mira Estrela,0.034482758620689655,0.2,0.023255813953488372,0.023809523809523808,0.2,0.25,,,0.02171361502347418,0.013333333333333334,,,,,,
150,354925,São João de Iracema,,,0.023255813953488372,0.023809523809523808,,,,,0.007629107981220657,0.013333333333333334,,,,,0.020833333333333332,
151,355240,Sumaré,0.06896551724137931,0.2,0.023255813953488372,0.023809523809523808,0.2,,,,0.15082159624413147,0.13333333333333333,0.06666666666666667,1.0,,,0.041666666666666664,
152,350270,Apiaí,0.27586206896551724,0.6,0.09302325581395349,0.07142857142857142,0.2,0.25,,,0.0005868544600938967,0.013333333333333334,,,1.0,1.0,0.14583333333333334,0.3333333333333333
153,355550,Ubirajara,0.034482758620689655,0.2,0.023255813953488372,0.023809523809523808,0.2,0.25,,,0.006455399061032864,,,,,,0.020833333333333332,
154,351080,Casa Branca,0.034482758620689655,,0.046511627906976744,0.047619047619047616,0.2,0.25,,,0.0710093896713615,0.04,0.06666666666666667,,,,,
155,352000,Igaraçu do Tietê,0.034482758620689655,,0.023255813953488372,0.023809523809523808,,,0.5,,0.03990610328638498,0.06666666666666667,0.06666666666666667,,,,0.020833333333333332,
156,354090,Pradópolis,0.034482758620689655,0.2,0.023255813953488372,0.023809523809523808,0.2,0.25,,,0.017605633802816902,0.02666666666666667,,,,,,
157,351540,Fartura,0.034482758620689655,,0.023255813953488372,0.023809523809523808,0.2,0.25,,,0.005868544600938967,0.013333333333333334,0.06666666666666667,,,,0.020833333333333332,
158,350750,Botucatu,0.3103448275862069,0.2,0.09302325581395349,0.09523809523809523,0.8,0.5,,,0.0715962441314554,0.02666666666666667,0.06666666666666667,,,,0.14583333333333334,0.16666666666666666
159,355420,Tejupá,,,0.023255813953488372,0.023809523809523808,0.2,0.25,,,0.002347417840375587,0.013333333333333334,,,,,0.020833333333333332,
160,350490,Bananal,,,0.06976744186046512,0.07142857142857142,0.2,0.25,,,0.0035211267605633804,0.02666666666666667,,,,,0.020833333333333332,
161,350930,Cajobi,0.034482758620689655,,0.023255813953488372,0.023809523809523808,0.2,0.25,,,0.03755868544600939,0.013333333333333334,,,,,,
162,351410,Dois Córregos,,,0.046511627906976744,0.047619047619047616,0.2,0.25,,,0.046948356807511735,0.13333333333333333,,,,,,
163,353740,Pereira Barreto,,,0.11627906976744186,0.11904761904761904,0.2,0.25,,,0.08509389671361503,0.08,,,,,,
164,353610,Pardinho,0.06896551724137931,,0.023255813953488372,0.023809523809523808,0.2,0.25,,,0.005868544600938967,0.013333333333333334,,,,,0.020833333333333332,0.16666666666666666
165,352670,Leme,0.06896551724137931,,0.023255813953488372,0.023809523809523808,0.2,0.25,0.5,1.0,0.13145539906103287,0.04,0.06666666666666667,,,,0.020833333333333332,
166,351670,Garça,0.06896551724137931,0.2,0.023255813953488372,0.023809523809523808,0.4,0.25,,,0.04401408450704225,0.02666666666666667,0.06666666666666667,,,,0.041666666666666664,0.16666666666666666
167,350100,Altinópolis,0.034482758620689655,,0.046511627906976744,0.047619047619047616,0.6,0.75,,,0.024061032863849766,0.013333333333333334,0.13333333333333333,,,,0.041666666666666664,
168,354880,São Caetano do Sul,0.034482758620689655,,,,,,,,0.004107981220657277,0.013333333333333334,,,,,,
169,355090,São Simão,0.034482758620689655,,0.046511627906976744,0.023809523809523808,0.2,0.25,0.5,,0.01643192488262911,0.02666666666666667,0.06666666666666667,,,,0.020833333333333332,
170,350360,Areiópolis,0.034482758620689655,,0.023255813953488372,0.023809523809523808,0.2,0.25,,,0.007629107981220657,,,,,,0.020833333333333332,
171,350230,Anhembi,0.034482758620689655,,0.023255813953488372,0.023809523809523808,0.4,0.25,0.5,,0.03931924882629108,0.02666666666666667,,,,,0.020833333333333332,
172,354310,Ribeirão Corrente,,,0.023255813953488372,0.023809523809523808,0.2,0.25,,,0.002347417840375587,0.013333333333333334,0.06666666666666667,,,,,
173,353390,Olímpia,0.034482758620689655,0.2,0.06976744186046512,0.047619047619047616,0.2,0.25,0.5,,0.15082159624413147,0.16,,,,,0.020833333333333332,0.16666666666666666
174,353260,Nhandeara,0.034482758620689655,,0.046511627906976744,0.047619047619047616,0.2,0.25,,,0.02523474178403756,0.02666666666666667,,,,,,
175,353570,Paraíso,0.034482758620689655,,,,,,,,0.024061032863849766,0.013333333333333334,,,,,0.020833333333333332,
176,352390,Itu,0.13793103448275862,0.4,0.06976744186046512,0.07142857142857142,0.2,0.25,,,0.09800469483568075,0.08,0.06666666666666667,1.0,,,0.08333333333333333,0.16666666666666666
177,352260,Itapira,0.06896551724137931,,0.023255813953488372,0.023809523809523808,0.4,0.25,0.5,,0.11384976525821597,0.05333333333333334,1.0,,,,0.041666666666666664,0.16666666666666666
178,352570,José Bonifácio,0.034482758620689655,,0.13953488372093023,0.14285714285714285,0.2,0.25,0.5,,0.07981220657276995,0.08,,,,,0.020833333333333332,
179,353440,Osasco,0.06896551724137931,,0.023255813953488372,0.023809523809523808,,,,,0.03227699530516432,0.02666666666666667,0.06666666666666667,,,,0.08333333333333333,
180,353920,Pirapozinho,0.034482758620689655,,0.023255813953488372,0.023809523809523808,,,,,0.0721830985915493,0.04,0.06666666666666667,,,,,
181,350800,Buri,0.034482758620689655,0.2,0.046511627906976744,0.047619047619047616,0.2,0.25,,,0.0035211267605633804,0.013333333333333334,0.06666666666666667,,,,0.041666666666666664,0.16666666666666666
182,355680,Viradouro,0.034482758620689655,,0.023255813953488372,0.023809523809523808,,,,,0.02640845070422535,0.013333333333333334,,,,,,
183,352980,Mineiros do Tietê,0.034482758620689655,,,,0.2,0.25,,,0.023474178403755867,0.04,,,,,0.020833333333333332,
184,352440,Jacareí,0.27586206896551724,0.2,0.06976744186046512,0.047619047619047616,0.4,0.25,0.5,,0.013497652582159625,0.02666666666666667,,,,,0.3333333333333333,0.16666666666666666
185,350670,Boa Esperança do Sul,0.034482758620689655,0.2,0.023255813953488372,0.023809523809523808,0.2,0.25,,,0.046948356807511735,0.04,,,,,0.020833333333333332,0.16666666666666666
186,351980,Icém,0.034482758620689655,,0.023255813953488372,0.023809523809523808,0.2,0.25,,,0.03755868544600939,0.02666666666666667,,,,,0.020833333333333332,
187,350190,Amparo,0.10344827586206896,,0.09302325581395349,0.07142857142857142,0.2,0.25,0.5,1.0,0.04870892018779343,0.013333333333333334,0.06666666666666667,,,,0.125,
188,351130,Cedral,,,0.023255813953488372,0.023809523809523808,0.2,,,,0.024061032863849766,0.013333333333333334,0.06666666666666667,,,,0.020833333333333332,
189,354140,Presidente Prudente,0.13793103448275862,0.2,0.046511627906976744,0.047619047619047616,0.8,0.25,0.5,,0.3374413145539906,0.24,,,,,0.041666666666666664,0.16666666666666666
190,352265,Itapirapuã Paulista,0.034482758620689655,,0.023255813953488372,0.023809523809523808,,,,,,,0.13333333333333333,,,,0.020833333333333332,
191,351000,Cândido Mota,0.034482758620689655,,,,,,,,0.013497652582159625,0.013333333333333334,,,,,,
192,355380,Taquarituba,0.06896551724137931,0.2,0.023255813953488372,0.023809523809523808,0.2,0.25,,,0.002347417840375587,0.013333333333333334,,,,,0.0625,0.3333333333333333
193,350060,Águas de São Pedro,0.034482758620689655,,0.023255813953488372,0.023809523809523808,,,,,0.01584507042253521,0.013333333333333334,,,,,,
194,353090,Mombuca,0.034482758620689655,,,,,,,,0.008215962441314555,0.013333333333333334,,,,,,
195,350540,Barra do Turvo,,,0.13953488372093023,0.14285714285714285,0.2,0.25,,,0.0005868544600938967,,0.06666666666666667,,,,0.020833333333333332,
196,354010,Pongaí,,,,,,,,,0.008215962441314555,0.04,,,,,,
197,352090,Ipaussu,0.034482758620689655,,,,,,,,0.01056338028169014,0.013333333333333334,,,,,0.020833333333333332,0.16666666666666666
198,352720,Lorena,0.034482758620689655,0.2,0.06976744186046512,0.07142857142857142,0.2,0.25,0.5,,0.04107981220657277,0.10666666666666667,0.06666666666666667,,,,0.020833333333333332,0.16666666666666666
199,354270,Restinga,0.034482758620689655,,0.023255813953488372,0.023809523809523808,0.2,0.25,,,0.002347417840375587,,,,,,,
200,351720,Guaiçara,,,0.023255813953488372,0.023809523809523808,,,0.5,1.0,0.014084507042253521,0.08,,,,,0.020833333333333332,
201,354750,Santa Rita do Passa Quatro,0.034482758620689655,,0.046511627906976744,0.047619047619047616,0.4,0.25,,,0.023474178403755867,0.013333333333333334,,,,,0.020833333333333332,
202,354620,Santa Cruz da Conceição,0.034482758620689655,,,,0.2,0.25,,,0.009976525821596244,0.013333333333333334,0.06666666666666667,,,,0.020833333333333332,0.16666666666666666
203,354930,São João do Pau d'Alho,,,0.023255813953488372,0.023809523809523808,,,,,0.006455399061032864,0.013333333333333334,,,,,,
204,352850,Mairiporã,0.6206896551724138,0.8,0.2558139534883721,0.23809523809523808,0.2,0.25,0.5,1.0,0.018192488262910797,0.02666666666666667,0.26666666666666666,1.0,,,0.5625,0.3333333333333333
205,353880,Piraju,0.034482758620689655,0.2,0.046511627906976744,0.047619047619047616,0.4,0.25,0.5,,0.02171361502347418,,,,,,0.041666666666666664,0.16666666666666666
206,354800,Santo Antônio de Posse,0.034482758620689655,,0.046511627906976744,0.023809523809523808,,,0.5,,0.028755868544600938,0.02666666666666667,0.06666666666666667,,,,0.020833333333333332,
207,351850,Guareí,0.034482758620689655,,0.023255813953488372,0.023809523809523808,0.2,0.25,,,0.0035211267605633804,0.013333333333333334,0.06666666666666667,,,,0.041666666666666664,0.16666666666666666
208,355010,São Manuel,0.034482758620689655,,0.023255813953488372,0.023809523809523808,0.2,0.25,,,0.01056338028169014,0.013333333333333334,0.06666666666666667,,,,0.020833333333333332,
209,353310,Nova Guataporanga,,,,,,,,,0.005868544600938967,0.013333333333333334,,,,,,
210,355385,Taquarivaí,0.034482758620689655,,0.046511627906976744,0.047619047619047616,0.2,0.25,,,0.0005868544600938967,,,,,,0.020833333333333332,
211,352310,Itaquaquecetuba,0.06896551724137931,0.2,0.046511627906976744,0.047619047619047616,0.2,0.25,,,0.004694835680751174,0.02666666666666667,0.06666666666666667,1.0,,,0.0625,0.16666666666666666
212,355250,Suzano,0.1724137931034483,0.4,0.20930232558139536,0.19047619047619047,0.2,0.25,0.5,1.0,0.007042253521126761,0.02666666666666667,0.06666666666666667,,,,0.041666666666666664,0.16666666666666666
213,351370,Descalvado,0.034482758620689655,,0.046511627906976744,0.047619047619047616,0.2,0.25,,,0.017018779342723004,0.013333333333333334,,,,,0.020833333333333332,
214,351240,Cordeirópolis,,,,,,,0.5,1.0,0.007629107981220657,,0.06666666666666667,,,,,
215,354625,Santa Cruz da Esperança,,,0.023255813953488372,0.023809523809523808,,,,,0.0017605633802816902,0.013333333333333334,,,,,,
216,351550,Fernandópolis,0.10344827586206896,0.4,0.046511627906976744,0.047619047619047616,0.4,0.25,,,0.24647887323943662,0.13333333333333333,,,,,0.041666666666666664,0.16666666666666666
217,350410,Atibaia,0.2413793103448276,0.2,0.23255813953488372,0.19047619047619047,0.6,0.5,0.5,1.0,0.03345070422535211,0.04,0.3333333333333333,,,,0.2916666666666667,
218,355730,Estiva Gerbi,0.034482758620689655,,0.023255813953488372,,0.2,0.25,0.5,,0.011150234741784037,0.013333333333333334,0.06666666666666667,,,,0.020833333333333332,
219,352725,Lourdes,,,0.023255813953488372,0.023809523809523808,,,,,0.007042253521126761,0.013333333333333334,,,,,,
220,354805,Santo Antônio do Aracanguá,0.034482758620689655,,0.046511627906976744,0.047619047619047616,0.2,0.25,,,0.02464788732394366,0.04,,,,,,
221,352900,Marília,0.1724137931034483,0.2,0.023255813953488372,0.023809523809523808,0.6,0.75,0.5,1.0,0.1056338028169014,0.04,0.13333333333333333,,,,0.0625,0.16666666666666666
222,355600,Urupês,,,0.046511627906976744,0.047619047619047616,0.2,,,,0.018779342723004695,0.013333333333333334,,,,,0.020833333333333332,
223,354580,Santa Bárbara d'Oeste,0.034482758620689655,0.2,0.023255813953488372,0.023809523809523808,0.2,,,,0.18309859154929578,0.09333333333333334,0.06666666666666667,,,,0.020833333333333332,
224,351420,Dolcinópolis,,,0.023255813953488372,0.023809523809523808,0.2,0.25,,,0.007629107981220657,0.013333333333333334,,,,,0.020833333333333332,
225,354450,Rubinéia,,,0.023255813953488372,0.023809523809523808,,,,,0.018779342723004695,0.02666666666666667,,,,,0.020833333333333332,
226,351900,Herculândia,,,0.023255813953488372,0.023809523809523808,0.2,0.25,,,0.03051643192488263,0.02666666666666667,0.06666666666666667,,,,,
227,350980,Campos Novos Paulista,0.034482758620689655,,0.023255813953488372,0.023809523809523808,0.2,0.25,,,0.01056338028169014,0.013333333333333334,,,,,0.020833333333333332,
228,355120,Sarutaiá,0.034482758620689655,,0.023255813953488372,0.023809523809523808,0.2,0.25,,,0.0005868544600938967,,,,,,,
229,351907,Hortolândia,0.13793103448275862,0.2,0.023255813953488372,,0.2,,,,0.1068075117370892,0.05333333333333334,0.2,,,,0.020833333333333332,
230,355255,Suzanápolis,,,0.046511627906976744,0.047619047619047616,,,,,0.017018779342723004,0.02666666666666667,,,,,,
231,350110,Alto Alegre,,,0.023255813953488372,0.023809523809523808,0.2,0.25,,,0.031103286384976527,0.02666666666666667,,,,,,
232,353140,Monte Aprazível,0.034482758620689655,,0.09302325581395349,0.047619047619047616,0.2,0.25,,,0.07570422535211267,0.09333333333333334,0.06666666666666667,,,,0.020833333333333332,
233,351905,Holambra,0.034482758620689655,,0.023255813953488372,0.023809523809523808,,,,,0.017018779342723004,0.013333333333333334,0.06666666666666667,,,,0.020833333333333332,
234,352140,Iracemápolis,0.034482758620689655,,0.023255813953488372,0.023809523809523808,0.2,0.25,,,0.009976525821596244,0.013333333333333334,,,,,,
235,353010,Mirandópolis,0.06896551724137931,0.2,0.06976744186046512,0.07142857142857142,0.2,,,,0.1619718309859155,0.09333333333333334,,,,,0.020833333333333332,
236,355560,Uchoa,0.034482758620689655,,0.046511627906976744,0.047619047619047616,,,,,0.041666666666666664,0.013333333333333334,0.06666666666666667,,,,0.020833333333333332,
237,351090,Cássia dos Coqueiros,0.034482758620689655,,0.046511627906976744,0.023809523809523808,0.2,0.25,,,0.004694835680751174,0.013333333333333334,,,,,0.020833333333333332,0.16666666666666666
238,352010,Igarapava,0.034482758620689655,0.2,0.06976744186046512,0.047619047619047616,0.2,0.25,,,0.09507042253521127,0.09333333333333334,0.06666666666666667,,1.0,,0.020833333333333332,0.16666666666666666
239,354320,Ribeirão do Sul,0.034482758620689655,,0.023255813953488372,0.023809523809523808,0.2,0.25,,,0.007629107981220657,0.013333333333333334,,,,,,
240,353270,Nipoã,,,0.06976744186046512,0.07142857142857142,0.2,0.25,,,0.011150234741784037,0.013333333333333334,,,,,0.020833333333333332,
241,355430,Teodoro Sampaio,,,0.046511627906976744,0.047619047619047616,0.2,0.25,,,0.11971830985915492,0.09333333333333334,0.06666666666666667,,,,0.020833333333333332,
242,354060,Porto Feliz,0.034482758620689655,0.2,0.046511627906976744,0.047619047619047616,0.2,0.25,,,0.08039906103286384,0.02666666666666667,,,,,0.041666666666666664,
243,350720,Borá,,,,,,,,,0.002347417840375587,0.013333333333333334,,,,,,
244,352270,Itápolis,0.034482758620689655,,0.023255813953488372,0.023809523809523808,0.2,,0.5,,0.08157276995305164,0.06666666666666667,,,,,0.020833333333333332,
245,353750,Pereiras,0.034482758620689655,,,,,,,,0.007629107981220657,,,,,,0.020833333333333332,
246,353620,Pariquera-Açu,0.034482758620689655,0.2,0.18604651162790697,0.16666666666666666,0.2,0.25,,,0.0005868544600938967,0.013333333333333334,,,,,0.0625,0.16666666666666666
247,353930,Pirassununga,0.10344827586206896,0.2,0.046511627906976744,0.023809523809523808,0.2,0.25,0.5,1.0,0.05457746478873239,0.02666666666666667,0.06666666666666667,1.0,,,0.020833333333333332,
248,354323,Ribeirão dos Índios,,,0.023255813953488372,0.023809523809523808,,,,,0.0035211267605633804,0.013333333333333334,,,,,,
249,355690,Vista Alegre do Alto,0.034482758620689655,,,,,,,,0.01056338028169014,0.013333333333333334,0.06666666666666667,,,,,
250,354410,Rio Grande da Serra,0.034482758620689655,0.2,0.09302325581395349,0.07142857142857142,,,,,0.0005868544600938967,,0.06666666666666667,,,,0.020833333333333332,
251,352680,Lençóis Paulista,0.034482758620689655,,0.023255813953488372,0.023809523809523808,0.2,0.25,,,0.024061032863849766,0.013333333333333334,0.06666666666666667,,,,0.041666666666666664,
252,352990,Miracatu,0.06896551724137931,0.2,0.5348837209302325,0.47619047619047616,,,0.5,1.0,0.0011737089201877935,0.013333333333333334,,,,,0.08333333333333333,0.3333333333333333
253,350850,Caçapava,0.06896551724137931,0.2,0.046511627906976744,0.047619047619047616,0.2,0.25,,,0.014671361502347418,0.013333333333333334,,,,,0.08333333333333333,0.16666666666666666
254,351680,Gastão Vidigal,,,0.023255813953488372,0.023809523809523808,0.2,0.25,,,0.006455399061032864,0.013333333333333334,,,,,,
255,351990,Iepê,0.034482758620689655,,,,0.2,0.25,,,0.02640845070422535,0.013333333333333334,,,,,0.020833333333333332,
256,350115,Alumínio,0.10344827586206896,,0.046511627906976744,0.047619047619047616,0.2,0.25,0.5,,0.004694835680751174,0.013333333333333334,0.06666666666666667,,,,0.0625,0.16666666666666666
257,354890,São Carlos,0.06896551724137931,0.2,0.09302325581395349,0.09523809523809523,0.6,0.75,0.5,,0.03169014084507042,0.04,0.06666666666666667,,,,0.041666666666666664,0.16666666666666666
258,355300,Taguaí,0.034482758620689655,0.2,,,,,0.5,1.0,0.007629107981220657,0.04,,,,,0.020833333333333332,0.16666666666666666
259,352100,Iperó,0.06896551724137931,0.2,0.023255813953488372,0.023809523809523808,0.2,0.25,,,0.018779342723004695,0.02666666666666667,,,,,0.041666666666666664,0.16666666666666666
260,355060,São Roque,0.20689655172413793,0.2,0.20930232558139536,0.19047619047619047,0.2,0.25,,,0.012910798122065728,0.013333333333333334,0.06666666666666667,,,,0.25,0.16666666666666666
261,350370,Ariranha,0.034482758620689655,,0.023255813953488372,0.023809523809523808,,,,,0.013497652582159625,0.013333333333333334,0.06666666666666667,,,,,
262,350240,Anhumas,0.034482758620689655,,0.023255813953488372,0.023809523809523808,0.2,0.25,,,0.006455399061032864,0.013333333333333334,0.06666666666666667,,,,0.020833333333333332,
263,355695,Vitória Brasil,,,,,,,,,0.0035211267605633804,,,,,,,
264,353625,Parisi,0.034482758620689655,,0.023255813953488372,0.023809523809523808,0.2,0.25,,,0.013497652582159625,0.013333333333333334,,,,,,
265,350550,Barretos,0.034482758620689655,,0.13953488372093023,0.11904761904761904,0.4,0.5,0.5,,0.16255868544600938,0.17333333333333334,0.06666666666666667,,,,0.020833333333333332,
266,354190,Queluz,0.034482758620689655,,0.046511627906976744,0.023809523809523808,0.2,0.25,,,0.009976525821596244,0.013333333333333334,,,,,0.041666666666666664,
267,353580,Paranapanema,0.034482758620689655,0.2,0.023255813953488372,0.023809523809523808,0.4,0.5,,,0.0035211267605633804,0.013333333333333334,,,,,0.020833333333333332,
268,351685,Gavião Peixoto,,,0.023255813953488372,0.023809523809523808,0.2,0.25,,,0.01584507042253521,0.013333333333333334,,,,,0.020833333333333332,
269,350900,Caieiras,0.06896551724137931,0.2,0.046511627906976744,0.023809523809523808,0.2,0.25,0.5,,0.013497652582159625,0.04,,,,,0.0625,0.16666666666666666
270,352580,Júlio Mesquita,0.034482758620689655,,,,0.2,0.25,,,0.008215962441314555,,,,,,,
271,353450,Oscar Bressane,,,0.023255813953488372,0.023809523809523808,0.2,0.25,,,0.005868544600938967,0.013333333333333334,0.06666666666666667,,,,0.020833333333333332,
272,351600,Flórida Paulista,,,0.023255813953488372,0.023809523809523808,,,,,0.04636150234741784,0.02666666666666667,,,,,0.020833333333333332,0.16666666666666666
273,350680,Bocaina,,,0.023255813953488372,0.023809523809523808,0.2,0.25,,,0.011737089201877934,0.013333333333333334,,,,,,
274,354760,Santa Rosa de Viterbo,,,0.046511627906976744,0.023809523809523808,0.2,0.25,,,0.03051643192488263,0.02666666666666667,0.06666666666666667,,,,0.020833333333333332,
275,353800,Pindamonhangaba,0.10344827586206896,0.2,0.18604651162790697,0.19047619047619047,0.2,0.25,0.5,,0.08039906103286384,0.09333333333333334,0.06666666666666667,,,,0.08333333333333333,0.16666666666666666
276,352860,Manduri,,,0.023255813953488372,0.023809523809523808,0.2,0.25,,,0.005868544600938967,,,,,,,
277,355170,Sertãozinho,0.034482758620689655,0.2,0.023255813953488372,0.023809523809523808,0.2,0.25,,,0.13849765258215962,0.14666666666666667,,,,,0.020833333333333332,
278,351140,Cerqueira César,,,0.023255813953488372,0.023809523809523808,0.2,0.25,,,0.017605633802816902,,,,,,0.020833333333333332,
279,351860,Guariba,0.034482758620689655,,0.023255813953488372,0.023809523809523808,0.2,0.25,,,0.02640845070422535,0.02666666666666667,,,,,,
280,354980,São José do Rio Preto,0.1724137931034483,,0.18604651162790697,0.16666666666666666,0.6,0.25,0.5,1.0,0.6971830985915493,0.3466666666666667,0.06666666666666667,,,,0.08333333333333333,
281,354850,Santos,0.10344827586206896,0.2,0.046511627906976744,0.047619047619047616,,,,,0.0005868544600938967,,,,,,0.020833333333333332,0.16666666666666666
282,350070,Agudos,,,0.046511627906976744,0.047619047619047616,0.4,0.25,,,0.020539906103286387,0.013333333333333334,,,,,,
283,353190,Morro Agudo,0.034482758620689655,0.2,0.046511627906976744,0.047619047619047616,,,,,0.06690140845070422,0.06666666666666667,,,,,0.020833333333333332,
284,354110,Presidente Alves,,,0.023255813953488372,0.023809523809523808,0.2,0.25,,,0.014671361502347418,0.013333333333333334,,,,,,
285,353320,Nova Independência,0.034482758620689655,0.2,0.023255813953488372,0.023809523809523808,,,,,0.025821596244131457,0.013333333333333334,,,,,0.020833333333333332,0.16666666666666666
286,352190,Itajobi,0.034482758620689655,,0.023255813953488372,0.023809523809523808,0.2,0.25,0.5,,0.023474178403755867,0.013333333333333334,,,,,0.020833333333333332,
287,353060,Mogi das Cruzes,0.20689655172413793,0.6,0.46511627906976744,0.4523809523809524,0.4,0.5,0.5,1.0,0.004107981220657277,0.04,0.13333333333333333,,,,0.1875,0.3333333333333333
288,352060,Indiana,0.034482758620689655,,,,,,,,0.005868544600938967,0.013333333333333334,,,,,,
289,353540,Panorama,,,0.023255813953488372,0.023809523809523808,0.2,0.25,,,0.04812206572769953,0.05333333333333334,,,,,,
290,351380,Diadema,0.034482758620689655,0.2,0.06976744186046512,0.07142857142857142,,,,,0.0035211267605633804,0.013333333333333334,,,,,0.020833333333333332,
291,352540,Jeriquara,,,0.023255813953488372,0.023809523809523808,0.2,0.25,,,0.0011737089201877935,0.013333333333333334,,,,,,
292,351250,Coroados,,,0.023255813953488372,0.023809523809523808,,,,,0.01995305164319249,0.02666666666666667,0.06666666666666667,,,,,
293,352730,Louveira,0.06896551724137931,0.2,0.046511627906976744,0.047619047619047616,0.2,0.25,0.5,,0.01056338028169014,0.013333333333333334,0.06666666666666667,,,,0.020833333333333332,
294,355480,Tremembé,0.06896551724137931,0.2,0.06976744186046512,0.07142857142857142,0.2,0.25,0.5,,0.03755868544600939,0.04,,,,,0.08333333333333333,
295,350420,Auriflama,0.034482758620689655,,0.046511627906976744,0.047619047619047616,0.2,0.25,,,0.06396713615023474,0.05333333333333334,,,,,0.020833333333333332,
296,353410,Oriente,0.034482758620689655,0.2,0.023255813953488372,0.023809523809523808,0.2,0.25,,,0.004107981220657277,,,,,,,
297,352910,Marinópolis,0.034482758620689655,,0.023255813953488372,0.023809523809523808,,,,,0.009976525821596244,,,,,,0.020833333333333332,
298,351730,Guaimbê,0.034482758620689655,,0.023255813953488372,0.023809523809523808,0.2,0.25,,,0.009976525821596244,0.013333333333333334,,,,,0.020833333333333332,
299,352410,Ituverava,0.034482758620689655,,0.06976744186046512,0.047619047619047616,0.2,0.25,0.5,1.0,0.06514084507042253,0.22666666666666666,,,,,,
300,351470,Echaporã,,,0.023255813953488372,0.023809523809523808,0.2,0.25,0.5,1.0,0.00528169014084507,0.013333333333333334,,,,,0.020833333333333332,
301,351910,Iacanga,0.034482758620689655,,0.023255813953488372,0.023809523809523808,0.2,0.25,,,0.029342723004694836,0.013333333333333334,,,,,0.020833333333333332,
302,350075,Alambari,0.034482758620689655,0.2,0.023255813953488372,0.023809523809523808,0.2,0.25,,,0.0005868544600938967,,,,,,0.020833333333333332,0.16666666666666666
303,354720,Santana da Ponte Pensa,0.034482758620689655,,0.023255813953488372,0.023809523809523808,,,,,0.004694835680751174,0.013333333333333334,,,,,,
304,350990,Cananéia,0.034482758620689655,0.2,0.16279069767441862,0.14285714285714285,,,,,0.0005868544600938967,0.013333333333333334,,,,,0.020833333333333332,0.16666666666666666
305,351100,Castilho,0.034482758620689655,0.2,0.06976744186046512,0.047619047619047616,0.2,0.25,0.5,,0.18603286384976525,0.13333333333333333,,,,,0.020833333333333332,0.16666666666666666
306,350030,Aguaí,0.034482758620689655,0.2,0.06976744186046512,0.047619047619047616,0.2,0.25,,,0.03990610328638498,0.02666666666666667,0.06666666666666667,,,,0.020833333333333332,
307,351340,Cruzeiro,0.06896551724137931,0.2,0.11627906976744186,0.11904761904761904,0.4,0.25,,,0.014084507042253521,0.05333333333333334,,,,,0.020833333333333332,0.16666666666666666
308,351210,Colômbia,0.034482758620689655,0.2,0.046511627906976744,0.047619047619047616,0.2,0.25,,,0.03403755868544601,0.02666666666666667,,,,,0.0625,0.16666666666666666
309,355700,Votorantim,0.13793103448275862,0.2,0.06976744186046512,0.047619047619047616,0.2,0.25,,,0.03169014084507042,0.05333333333333334,0.06666666666666667,,,,0.0625,0.16666666666666666
310,354370,Rincão,,,0.023255813953488372,0.023809523809523808,0.2,0.25,0.5,1.0,0.024061032863849766,0.02666666666666667,,,,,0.020833333333333332,
311,350600,Bauru,0.1724137931034483,0.2,0.09302325581395349,0.07142857142857142,1.0,0.75,0.5,,0.2353286384976526,0.13333333333333333,0.2,1.0,,,0.125,0.16666666666666666
312,354240,Regente Feijó,0.034482758620689655,,0.023255813953488372,0.023809523809523808,0.2,0.25,,,0.005868544600938967,0.013333333333333334,,,,,,
313,354550,Sandovalina,0.034482758620689655,,0.023255813953488372,0.023809523809523808,0.2,0.25,,,0.009976525821596244,0.02666666666666667,,,,,,
314,354420,Riolândia,0.034482758620689655,,0.023255813953488372,0.023809523809523808,0.2,0.25,,,0.03755868544600939,0.05333333333333334,,,,,,
315,352690,Limeira,0.13793103448275862,0.4,0.046511627906976744,0.047619047619047616,0.2,,,,0.3086854460093897,0.13333333333333333,0.06666666666666667,,,,0.041666666666666664,0.16666666666666666
316,351650,Gabriel Monteiro,,,,,0.2,0.25,,,0.009976525821596244,0.013333333333333334,,,,,,
317,354900,São Francisco,,,0.023255813953488372,0.023809523809523808,,,,,0.012910798122065728,0.013333333333333334,,,,,0.020833333333333332,
318,353980,Poá,0.06896551724137931,0.2,0.023255813953488372,0.023809523809523808,0.2,0.25,,,0.0017605633802816902,0.013333333333333334,,,,,0.020833333333333332,0.16666666666666666
319,350995,Canas,,,0.023255813953488372,0.023809523809523808,0.2,0.25,,,0.004694835680751174,0.013333333333333334,,,,,,
320,350860,Cachoeira Paulista,0.034482758620689655,0.2,0.06976744186046512,0.07142857142857142,0.4,0.5,0.5,,0.009976525821596244,0.04,,,,,0.0625,0.16666666666666666
321,353850,Piquete,0.034482758620689655,0.2,0.11627906976744186,0.11904761904761904,0.2,0.25,,,0.0017605633802816902,,,,,,0.041666666666666664,0.16666666666666666
322,353110,Mongaguá,0.06896551724137931,0.2,0.27906976744186046,0.2619047619047619,0.2,,,,0.0005868544600938967,0.013333333333333334,,,,,0.020833333333333332,0.16666666666666666
323,355350,Tapiraí,0.034482758620689655,,0.11627906976744186,0.09523809523809523,0.2,0.25,,,0.0005868544600938967,0.013333333333333334,0.06666666666666667,,,,0.0625,0.16666666666666666
324,352110,Ipeúna,0.034482758620689655,,0.023255813953488372,0.023809523809523808,0.2,0.25,,,0.008802816901408451,0.013333333333333334,0.06666666666666667,1.0,,,0.020833333333333332,
325,355220,Sorocaba,0.5862068965517241,0.8,0.11627906976744186,0.09523809523809523,0.4,0.5,0.5,,0.16960093896713616,0.25333333333333335,0.06666666666666667,,,,0.20833333333333334,0.16666666666666666
326,351190,Clementina,,,0.023255813953488372,0.023809523809523808,,,,,0.03814553990610329,0.06666666666666667,0.06666666666666667,,,,0.020833333333333332,
327,355530,Turmalina,0.034482758620689655,,,,,,,,0.014084507042253521,0.013333333333333334,,,,,,
328,351060,Carapicuíba,0.034482758620689655,0.2,0.023255813953488372,0.023809523809523808,,,,,0.009976525821596244,0.013333333333333334,0.06666666666666667,,,,0.041666666666666664,
329,350380,Artur Nogueira,0.034482758620689655,,0.023255813953488372,0.023809523809523808,,,,,0.015258215962441314,0.02666666666666667,0.06666666666666667,1.0,,,0.020833333333333332,
330,351520,Estrela d'Oeste,,,0.023255813953488372,0.023809523809523808,,,0.5,,0.023474178403755867,0.013333333333333334,,,,,,
331,354425,Rosana,0.034482758620689655,,0.046511627906976744,0.023809523809523808,0.2,0.25,,,0.11443661971830986,0.13333333333333333,,,,,0.020833333333333332,
332,355400,Tatuí,0.1724137931034483,0.2,0.06976744186046512,0.07142857142857142,0.2,0.25,,,0.02992957746478873,0.02666666666666667,0.2,1.0,,,0.08333333333333333,
333,354070,Porto Ferreira,0.034482758620689655,0.2,0.046511627906976744,0.047619047619047616,0.2,0.25,0.5,,0.08157276995305164,0.04,0.06666666666666667,,,,0.020833333333333332,
334,350730,Boracéia,,,,,0.2,0.25,,,0.002347417840375587,0.02666666666666667,,,,,,
335,350910,Caiuá,0.034482758620689655,,,,,,,,0.020539906103286387,0.013333333333333334,,,,,,
336,353720,Pedro de Toledo,0.034482758620689655,,0.27906976744186046,0.2857142857142857,,,,,0.0005868544600938967,0.013333333333333334,,,,,0.020833333333333332,
337,350470,Balbinos,,,0.023255813953488372,0.023809523809523808,,,,,0.00528169014084507,0.013333333333333334,,,,,,
338,352780,Lupércio,,,,,0.2,0.25,,,0.0017605633802816902,,,,,,0.020833333333333332,
339,351780,Guaraçaí,0.034482758620689655,,0.046511627906976744,0.047619047619047616,0.2,0.25,,,0.05046948356807512,0.05333333333333334,,,,,,
340,352650,Lavínia,0.034482758620689655,,0.023255813953488372,0.023809523809523808,,,,,0.022887323943661973,0.013333333333333334,,,,,,
341,354680,Santa Isabel,0.20689655172413793,0.2,0.18604651162790697,0.19047619047619047,0.4,0.5,0.5,1.0,0.002347417840375587,0.013333333333333334,0.06666666666666667,1.0,,,0.3541666666666667,0.16666666666666666
342,354075,Potim,0.034482758620689655,,0.046511627906976744,0.047619047619047616,,,,,0.0357981220657277,0.10666666666666667,,,,,0.020833333333333332,
343,354990,São José dos Campos,0.9655172413793104,0.8,0.3953488372093023,0.3333333333333333,0.6,0.5,0.5,1.0,0.0880281690140845,0.09333333333333334,0.2,1.0,,,0.7291666666666666,0.3333333333333333
344,354860,São Bento do Sapucaí,0.034482758620689655,0.2,0.023255813953488372,0.023809523809523808,0.2,,,,0.0011737089201877935,,,,,,0.020833333333333332,
345,355070,São Sebastião,0.06896551724137931,0.4,0.6046511627906976,0.5952380952380952,0.2,,,,0.0011737089201877935,0.013333333333333334,,,,,0.020833333333333332,0.16666666666666666
346,352115,Ipiguá,0.034482758620689655,,0.023255813953488372,0.023809523809523808,,,,,0.028755868544600938,0.02666666666666667,,,,,0.020833333333333332,
347,350340,Arealva,0.034482758620689655,,0.023255813953488372,0.023809523809523808,0.2,0.25,,,0.0528169014084507,0.02666666666666667,,,,,,
348,350210,Andradina,0.06896551724137931,0.2,0.023255813953488372,0.023809523809523808,0.2,0.25,0.5,1.0,0.4336854460093897,0.14666666666666667,,,,,0.020833333333333332,
349,353370,Ocauçu,0.034482758620689655,0.2,,,0.2,0.25,,,0.004694835680751174,0.013333333333333334,,,,,0.020833333333333332,
350,355535,Ubarana,0.034482758620689655,,0.046511627906976744,0.047619047619047616,,,,,0.01232394366197183,0.013333333333333334,,,,,,
351,353240,Nazaré Paulista,0.034482758620689655,,0.13953488372093023,0.14285714285714285,0.2,0.25,0.5,,0.0035211267605633804,0.013333333333333334,,,,,0.041666666666666664,0.16666666666666666
352,352370,Itirapuã,0.034482758620689655,,0.023255813953488372,0.023809523809523808,0.2,0.25,,,0.0029342723004694834,0.013333333333333334,,,,,,
353,353550,Paraguaçu Paulista,0.06896551724137931,,0.023255813953488372,0.023809523809523808,0.2,0.25,,,0.057511737089201875,0.02666666666666667,0.06666666666666667,,,,0.020833333333333332,
354,352240,Itapeva,0.06896551724137931,0.2,0.13953488372093023,0.11904761904761904,0.4,0.5,,,0.002347417840375587,0.02666666666666667,,,,,0.08333333333333333,0.16666666666666666
355,352550,Joanópolis,0.034482758620689655,,0.046511627906976744,0.047619047619047616,0.2,0.25,,,0.0017605633802816902,0.013333333333333334,0.06666666666666667,,,,0.041666666666666664,0.16666666666666666
356,353420,Orindiúva,,,0.023255813953488372,0.023809523809523808,0.2,0.25,,,0.02171361502347418,0.04,,,,,,
357,351480,Eldorado,0.10344827586206896,0.4,0.3488372093023256,0.3333333333333333,,,,,0.0005868544600938967,0.013333333333333334,0.06666666666666667,,,,0.25,1.0
358,353900,Pirangi,0.034482758620689655,,,,0.2,0.25,,,0.02171361502347418,0.04,,,,,,
359,355660,Vera Cruz,0.034482758620689655,,,,0.4,0.25,,,0.007042253521126761,0.013333333333333334,0.06666666666666667,,,,,
360,352420,Jaborandi,0.034482758620689655,,0.023255813953488372,0.023809523809523808,0.2,0.25,,,0.009976525821596244,0.02666666666666667,,,,,,
361,352960,Meridiano,,,,,0.2,0.25,,,0.01232394366197183,0.013333333333333334,0.06666666666666667,,,,,
362,350650,Birigui,0.034482758620689655,0.2,0.06976744186046512,0.07142857142857142,0.2,,,,0.49589201877934275,0.48,0.06666666666666667,,,,0.020833333333333332,0.16666666666666666
363,351960,Ibitinga,0.034482758620689655,,0.046511627906976744,0.047619047619047616,0.4,0.5,,,0.13262910798122066,0.09333333333333334,,,,,0.020833333333333332,
364,352965,Mesópolis,,,0.023255813953488372,0.023809523809523808,0.2,0.25,,,0.00528169014084507,0.013333333333333334,,,,,0.020833333333333332,0.16666666666666666
365,355180,Sete Barras,0.034482758620689655,0.2,0.3953488372093023,0.35714285714285715,,,0.5,1.0,0.0005868544600938967,,,,,,0.020833333333333332,
366,350170,Américo Brasiliense,0.034482758620689655,,0.023255813953488372,0.023809523809523808,,,,,0.03697183098591549,0.04,0.06666666666666667,,,,0.020833333333333332,
367,351110,Catanduva,0.06896551724137931,,0.046511627906976744,0.047619047619047616,0.4,0.25,,,0.13145539906103287,0.12,,,,,0.041666666666666664,0.16666666666666666
368,354995,São Lourenço da Serra,0.034482758620689655,0.2,0.09302325581395349,0.09523809523809523,,,,,0.0005868544600938967,,,,,,0.0625,
369,354120,Presidente Bernardes,,,0.023255813953488372,,,,,,0.040492957746478875,0.013333333333333334,,,,,,
370,350040,Águas da Prata,0.034482758620689655,0.2,0.023255813953488372,0.023809523809523808,0.2,0.25,,,0.004107981220657277,,0.13333333333333333,,,,0.041666666666666664,0.16666666666666666
371,353070,Mogi Guaçu,0.10344827586206896,0.2,0.023255813953488372,0.023809523809523808,0.4,0.5,0.5,1.0,0.03169014084507042,0.02666666666666667,0.06666666666666667,,,,0.08333333333333333,
372,350520,Bariri,0.034482758620689655,0.2,0.023255813953488372,0.023809523809523808,0.2,0.25,,,0.0880281690140845,0.08,,,,,,
373,352070,Indiaporã,0.034482758620689655,,0.023255813953488372,0.023809523809523808,0.2,0.25,,,0.03990610328638498,0.013333333333333334,,,,,0.020833333333333332,
374,352700,Lindóia,0.034482758620689655,,,,,,,,0.017605633802816902,0.013333333333333334,,,,,0.041666666666666664,
375,355490,Três Fronteiras,,,0.023255813953488372,0.023809523809523808,0.2,,,,0.024061032863849766,0.04,,,,,,
376,351700,Getulina,,,0.023255813953488372,0.023809523809523808,0.2,0.25,,,0.03755868544600939,0.09333333333333334,,,,,,
377,354380,Rinópolis,,,0.046511627906976744,0.023809523809523808,,,,,0.05868544600938967,0.013333333333333334,,,,,,
378,354250,Reginópolis,,,0.023255813953488372,0.023809523809523808,0.2,0.25,,,0.011150234741784037,0.013333333333333334,,,,,,
379,350780,Brodowski,,,0.023255813953488372,0.023809523809523808,0.4,0.25,,,0.017605633802816902,0.013333333333333334,0.06666666666666667,,,,0.020833333333333332,
380,354730,Santana de Parnaíba,0.10344827586206896,0.2,0.11627906976744186,0.09523809523809523,0.2,0.25,,,0.01232394366197183,0.013333333333333334,,,,,0.10416666666666667,
381,352830,Magda,0.034482758620689655,,0.046511627906976744,0.023809523809523808,0.2,0.25,,,0.008215962441314555,0.013333333333333334,,,,,,
382,353680,Pedra Bela,0.06896551724137931,0.2,0.023255813953488372,0.023809523809523808,0.2,0.25,,,0.007042253521126761,0.013333333333333334,,,,,0.0625,0.16666666666666666
383,354600,Santa Branca,0.034482758620689655,,0.06976744186046512,0.047619047619047616,0.2,0.25,,,0.0011737089201877935,0.013333333333333334,,,,,0.041666666666666664,
384,354910,São João da Boa Vista,0.06896551724137931,0.2,0.06976744186046512,0.047619047619047616,0.4,0.25,0.5,,0.08039906103286384,0.04,0.2,,,,0.041666666666666664,0.16666666666666666
385,351830,Guararema,0.20689655172413793,0.2,0.11627906976744186,0.09523809523809523,0.4,0.5,0.5,,0.0017605633802816902,0.013333333333333334,0.06666666666666667,,,,0.1875,0.3333333333333333
386,353990,Poloni,0.034482758620689655,,0.046511627906976744,0.023809523809523808,0.2,0.25,,,0.01232394366197183,0.013333333333333334,,,,,,
387,353860,Piracaia,0.13793103448275862,0.2,0.13953488372093023,0.11904761904761904,0.2,0.25,,,0.01056338028169014,0.013333333333333334,0.06666666666666667,,,,0.125,0.16666666666666666
388,355495,Tuiuti,0.034482758620689655,,0.023255813953488372,0.023809523809523808,0.2,0.25,,,0.005868544600938967,0.013333333333333334,0.06666666666666667,,,,0.041666666666666664,
389,355360,Tapiratiba,,,0.023255813953488372,0.023809523809523808,0.2,0.25,,,0.03286384976525822,0.08,0.06666666666666667,,,,,
390,355230,Sud Mennucci,0.034482758620689655,,0.09302325581395349,0.07142857142857142,0.2,0.25,,,0.03990610328638498,0.02666666666666667,,,,,0.020833333333333332,
391,351350,Cubatão,0.034482758620689655,0.2,0.18604651162790697,0.16666666666666666,,,,,,,0.06666666666666667,,,,0.020833333333333332,0.16666666666666666
392,351220,Conchal,0.034482758620689655,0.2,0.023255813953488372,0.023809523809523808,0.2,0.25,,,0.007629107981220657,0.013333333333333334,,,,,,
393,355710,Votuporanga,0.034482758620689655,,0.06976744186046512,0.07142857142857142,0.2,0.25,,,0.33568075117370894,0.21333333333333335,,,,,0.020833333333333332,
394,351530,Estrela do Norte,,,,,0.2,,,,0.008802816901408451,0.02666666666666667,,,,,,
395,355715,Zacarias,0.034482758620689655,,0.023255813953488372,0.023809523809523808,0.2,0.25,,,0.009389671361502348,0.013333333333333334,,,,,,
396,354560,Santa Adélia,0.034482758620689655,,0.023255813953488372,0.023809523809523808,,,,,0.012910798122065728,0.013333333333333334,,,,,0.020833333333333332,
397,350480,Bálsamo,0.034482758620689655,,0.046511627906976744,0.047619047619047616,0.2,0.25,,,0.03169014084507042,0.013333333333333334,,,,,0.020833333333333332,
398,350960,Campo Limpo Paulista,0.06896551724137931,0.2,0.06976744186046512,0.07142857142857142,0.2,0.25,0.5,,0.017018779342723004,,0.13333333333333333,,1.0,,0.08333333333333333,0.16666666666666666
399,352600,Junqueirópolis,0.034482758620689655,,0.023255813953488372,0.023809523809523808,0.2,0.25,,,0.07511737089201878,0.04,,,,,,
400,351660,Gália,,,0.023255813953488372,0.023809523809523808,0.2,0.25,,,0.01056338028169014,0.013333333333333334,,,,,,
401,354430,Roseira,,,0.046511627906976744,0.023809523809523808,0.2,0.25,,,0.017018779342723004,0.02666666666666667,,,,,0.020833333333333332,
402,353120,Monte Alegre do Sul,0.06896551724137931,,0.046511627906976744,0.023809523809523808,0.2,0.25,0.5,,0.018192488262910797,0.013333333333333334,0.06666666666666667,,,,0.08333333333333333,0.16666666666666666
403,354690,Santa Lúcia,0.034482758620689655,,,,,,,,0.008802816901408451,0.013333333333333334,0.06666666666666667,,,,0.020833333333333332,
404,352120,Iporanga,,,0.18604651162790697,0.19047619047619047,0.2,0.25,,,0.0005868544600938967,,,,1.0,1.0,,
405,355365,Taquaral,0.034482758620689655,,,,,,,,0.0035211267605633804,0.013333333333333334,,,,,,
406,355540,Ubatuba,0.2413793103448276,0.2,1.0,1.0,0.2,0.25,,,0.0017605633802816902,0.013333333333333334,0.06666666666666667,,,,0.0625,0.16666666666666666
407,351070,Cardoso,0.034482758620689655,,0.046511627906976744,0.047619047619047616,0.4,0.5,,,0.08274647887323944,0.02666666666666667,,,,,0.020833333333333332,
408,353380,Óleo,0.034482758620689655,,,,0.2,0.25,,,0.009976525821596244,0.013333333333333334,,,,,0.020833333333333332,
409,355410,Taubaté,0.1724137931034483,0.2,0.13953488372093023,0.11904761904761904,0.2,0.25,,,0.18955399061032863,0.12,0.06666666666666667,,1.0,,0.9166666666666666,0.16666666666666666
410,354300,Ribeirão Branco,0.06896551724137931,0.2,0.13953488372093023,0.14285714285714285,,,,,0.0011737089201877935,0.013333333333333334,0.06666666666666667,,,,0.10416666666666667,0.16666666666666666
411,353250,Neves Paulista,0.06896551724137931,,0.09302325581395349,0.07142857142857142,0.2,0.25,,,0.03403755868544601,0.013333333333333334,,,,,,
412,350700,Boituva,0.06896551724137931,,0.046511627906976744,0.023809523809523808,0.2,0.25,0.5,,0.020539906103286387,0.013333333333333334,0.06666666666666667,,,,0.020833333333333332,
413,352380,Itobi,0.034482758620689655,,0.023255813953488372,,0.2,0.25,,,0.017605633802816902,0.013333333333333334,,,,,0.020833333333333332,0.16666666666666666
414,354040,Populina,,,0.023255813953488372,0.023809523809523808,,,,,0.022300469483568074,0.013333333333333334,,,,,,
415,351535,Euclides da Cunha Paulista,0.034482758620689655,,0.023255813953488372,0.023809523809523808,0.2,0.25,,,0.046948356807511735,0.04,,,,,0.020833333333333332,
416,352250,Itapevi,0.06896551724137931,0.2,0.06976744186046512,0.07142857142857142,,,0.5,1.0,0.02112676056338028,0.013333333333333334,,,,,0.08333333333333333,
417,351400,Dobrada,,,0.023255813953488372,0.023809523809523808,0.2,0.25,,,0.011150234741784037,0.013333333333333334,,,,,,
418,354520,Salto,0.06896551724137931,0.2,0.023255813953488372,0.023809523809523808,0.2,0.25,,,0.056924882629107984,0.09333333333333334,,,,,0.020833333333333332,0.16666666666666666
419,353730,Penápolis,0.034482758620689655,0.2,0.16279069767441862,0.16666666666666666,0.2,0.25,,,0.16314553990610328,0.26666666666666666,,,,,0.020833333333333332,0.16666666666666666
420,352790,Lutécia,0.034482758620689655,,,,0.2,0.25,0.5,1.0,0.0029342723004694834,,,,,,,
421,353600,Parapuã,,,0.023255813953488372,0.023809523809523808,,,,,0.04284037558685446,0.04,,,,,,
422,353910,Pirapora do Bom Jesus,0.034482758620689655,0.2,0.023255813953488372,0.023809523809523808,0.2,0.25,,,0.007629107981220657,0.013333333333333334,,,,,0.041666666666666664,0.16666666666666666
423,355670,Vinhedo,0.06896551724137931,,0.023255813953488372,0.023809523809523808,0.2,0.25,,,0.012910798122065728,0.013333333333333334,0.26666666666666666,,,,0.041666666666666664,
424,351790,Guaraci,,,0.06976744186046512,0.047619047619047616,,,,,0.008802816901408451,0.02666666666666667,,,,,0.020833333333333332,
425,352660,Lavrinhas,0.034482758620689655,0.2,0.06976744186046512,0.047619047619047616,0.2,0.25,,,0.0029342723004694834,0.013333333333333334,,,,,0.020833333333333332,0.16666666666666666
426,352970,Miguelópolis,0.034482758620689655,0.2,0.023255813953488372,0.023809523809523808,0.2,0.25,,,0.04929577464788732,0.09333333333333334,,,,,,
427,351970,Ibiúna,0.2413793103448276,0.4,0.6046511627906976,0.5238095238095238,0.4,0.25,0.5,,0.0017605633802816902,0.013333333333333334,0.06666666666666667,1.0,1.0,1.0,0.4375,0.16666666666666666
428,350830,Cabrália Paulista,0.034482758620689655,,0.023255813953488372,0.023809523809523808,0.2,0.25,,,0.01232394366197183,0.013333333333333334,,,,,0.020833333333333332,
429,355040,São Pedro,0.034482758620689655,,0.023255813953488372,0.023809523809523808,0.4,0.25,0.5,,0.12265258215962441,0.08,0.06666666666666667,,,,0.020833333333333332,
430,355500,Tupã,0.034482758620689655,0.2,0.046511627906976744,0.047619047619047616,0.2,0.25,,,0.23708920187793428,0.17333333333333334,,,,,0.020833333333333332,
431,350350,Areias,,,0.023255813953488372,0.023809523809523808,0.2,0.25,,,0.0011737089201877935,,,,,,,
432,350220,Angatuba,0.034482758620689655,0.2,0.06976744186046512,0.07142857142857142,0.2,0.25,,,0.005868544600938967,0.04,,,,,0.020833333333333332,0.16666666666666666
433,350530,Barra Bonita,0.034482758620689655,,,,0.2,0.25,,,0.0534037558685446,0.09333333333333334,,,,,0.020833333333333332,
434,354170,Quatá,0.034482758620689655,,0.023255813953488372,0.023809523809523808,0.2,,,,0.02464788732394366,0.02666666666666667,,,,,0.020833333333333332,
435,353560,Paraibuna,0.034482758620689655,,0.11627906976744186,0.09523809523809523,0.2,0.25,0.5,1.0,0.0017605633802816902,0.013333333333333334,,,,,0.041666666666666664,0.16666666666666666
436,352210,Itanhaém,0.10344827586206896,0.2,0.5348837209302325,0.5,0.2,0.25,0.5,,0.0011737089201877935,0.013333333333333334,0.06666666666666667,,,,0.020833333333333332,0.16666666666666666
437,351492,Elisiário,,,,,0.2,,,,0.007042253521126761,0.013333333333333334,,,,,,
438,351490,Elias Fausto,0.034482758620689655,,0.023255813953488372,0.023809523809523808,0.2,0.25,,,0.005868544600938967,0.013333333333333334,,,,,,
439,350660,Biritiba Mirim,0.034482758620689655,0.2,0.16279069767441862,0.14285714285714285,0.2,0.25,,,0.0005868544600938967,,0.13333333333333333,1.0,,,0.041666666666666664,
440,354480,Sales,0.034482758620689655,,0.046511627906976744,0.023809523809523808,0.2,0.25,,,0.01232394366197183,0.013333333333333334,,,,,0.020833333333333332,
441,352840,Mairinque,0.10344827586206896,0.2,0.11627906976744186,0.09523809523809523,0.2,0.25,,,0.01232394366197183,0.013333333333333334,0.06666666666666667,,,,0.125,0.16666666666666666
442,353690,Pedranópolis,0.034482758620689655,,0.023255813953488372,0.023809523809523808,0.2,0.25,,,0.011150234741784037,0.013333333333333334,,,,,0.020833333333333332,
443,351840,Guaratinguetá,0.06896551724137931,0.2,0.23255813953488372,0.23809523809523808,0.4,0.5,,,0.08392018779342723,0.22666666666666666,,,,,0.0625,0.16666666666666666
444,355150,Serrana,0.034482758620689655,,0.023255813953488372,0.023809523809523808,0.2,,,,0.017018779342723004,0.05333333333333334,,,,,,
445,354960,São José do Barreiro,0.034482758620689655,,0.046511627906976744,0.047619047619047616,0.2,0.25,,,0.004107981220657277,0.013333333333333334,,,,,0.020833333333333332,0.16666666666666666
446,350180,Américo de Campos,,,0.023255813953488372,0.023809523809523808,0.2,0.25,0.5,,0.03227699530516432,0.013333333333333334,,,,,,
447,352215,Itaoca,0.034482758620689655,0.2,0.023255813953488372,0.023809523809523808,0.2,0.25,,,0.0005868544600938967,,,,,,0.020833333333333332,
448,353215,Nantes,0.034482758620689655,0.2,0.023255813953488372,0.023809523809523808,0.2,0.25,,,0.0029342723004694834,,,,,,,
449,354830,Santo Expedito,,,,,,,,,0.0029342723004694834,0.013333333333333334,,,,,,
450,352170,Itaberá,0.034482758620689655,0.2,0.046511627906976744,0.047619047619047616,0.2,0.25,,,0.0017605633802816902,0.013333333333333334,,,,,0.041666666666666664,0.16666666666666666
451,353170,Monteiro Lobato,0.20689655172413793,0.2,0.09302325581395349,0.047619047619047616,,,,,0.0029342723004694834,0.013333333333333334,0.06666666666666667,,,,0.20833333333333334,0.16666666666666666
452,355635,Vargem,0.034482758620689655,,0.023255813953488372,0.023809523809523808,,,0.5,1.0,0.004107981220657277,,0.06666666666666667,,,,0.041666666666666664,
453,350050,Águas de Lindóia,0.034482758620689655,0.2,,,0.2,0.25,,,0.02171361502347418,0.013333333333333334,0.06666666666666667,,,,0.08333333333333333,
454,351360,Cunha,0.034482758620689655,0.2,0.06976744186046512,0.07142857142857142,0.4,0.5,,,0.008215962441314555,0.013333333333333334,,,,,0.020833333333333332,0.16666666666666666
455,353040,Mirassolândia,0.06896551724137931,,0.023255813953488372,0.023809523809523808,0.2,0.25,,,0.03051643192488263,0.013333333333333334,0.06666666666666667,,,,0.020833333333333332,
456,355280,Taboão da Serra,0.034482758620689655,0.2,0.023255813953488372,0.023809523809523808,,,,,0.004107981220657277,0.013333333333333334,,,,,0.020833333333333332,
457,355590,Uru,,,,,,,,,0.0029342723004694834,0.013333333333333334,,,,,,
458,350535,Barra do Chapéu,0.034482758620689655,0.2,0.06976744186046512,0.047619047619047616,0.2,0.25,,,,,0.06666666666666667,,,,0.0625,0.16666666666666666
459,352040,Ilhabela,0.06896551724137931,0.2,0.4883720930232558,0.5,,,0.5,1.0,0.0005868544600938967,,0.06666666666666667,,,,0.020833333333333332,
460,352520,Jarinu,0.06896551724137931,0.2,0.06976744186046512,0.07142857142857142,0.2,0.25,0.5,,0.009389671361502348,,0.2,,,,0.25,0.16666666666666666
461,353520,Palmeira d'Oeste,0.034482758620689655,,0.046511627906976744,0.047619047619047616,,,,,0.058098591549295774,0.02666666666666667,,,,,0.020833333333333332,
462,352710,Lins,0.034482758620689655,0.2,0.09302325581395349,0.07142857142857142,0.2,0.25,,,0.07570422535211267,0.4,,,,,,
463,355460,Timburi,0.034482758620689655,,0.023255813953488372,0.023809523809523808,,,,,0.002347417840375587,,0.06666666666666667,,,,0.020833333333333332,
464,351580,Flora Rica,,,0.023255813953488372,0.023809523809523808,,,,,0.0035211267605633804,0.013333333333333334,,,,,,
465,350400,Assis,0.034482758620689655,0.2,0.046511627906976744,0.047619047619047616,0.4,0.25,,,0.06103286384976526,0.06666666666666667,,,,,0.020833333333333332,0.16666666666666666
466,351710,Glicério,0.034482758620689655,,0.046511627906976744,0.023809523809523808,,,,,0.02464788732394366,0.04,,,,,,
467,350790,Brotas,0.06896551724137931,0.2,0.06976744186046512,0.07142857142857142,0.4,0.25,0.5,1.0,0.04518779342723005,0.08,,,,,0.020833333333333332,
468,351450,Duartina,0.034482758620689655,,0.023255813953488372,0.023809523809523808,0.2,0.25,,,0.017605633802816902,0.013333333333333334,0.06666666666666667,,,,0.020833333333333332,
469,350970,Campos do Jordão,0.20689655172413793,0.2,0.023255813953488372,0.023809523809523808,,,,,0.0017605633802816902,0.013333333333333334,0.06666666666666667,1.0,,,0.020833333333333332,
470,354700,Santa Maria da Serra,0.034482758620689655,,0.023255813953488372,0.023809523809523808,0.2,0.25,0.5,,0.05046948356807512,0.013333333333333334,0.06666666666666667,,,,0.020833333333333332,
471,352044,Ilha Solteira,0.034482758620689655,0.2,0.09302325581395349,0.09523809523809523,0.2,0.25,,,0.06866197183098592,0.05333333333333334,,,,,0.020833333333333332,0.16666666666666666
472,353650,Paulínia,0.034482758620689655,,0.023255813953488372,0.023809523809523808,,,,,0.02699530516431925,0.02666666666666667,0.06666666666666667,,,,0.020833333333333332,
473,350140,Álvaro de Carvalho,,,,,0.2,0.25,,,0.005868544600938967,0.013333333333333334,,,,,,
474,352042,Ilha Comprida,0.06896551724137931,0.2,0.09302325581395349,0.07142857142857142,,,,,0.0035211267605633804,0.02666666666666667,,,,,0.041666666666666664,0.16666666666666666
475,350010,Adamantina,0.034482758620689655,0.2,0.023255813953488372,0.023809523809523808,,,,,0.02699530516431925,0.10666666666666667,,,,,,
476,355465,Torre de Pedra,0.034482758620689655,,,,0.2,,,,0.0011737089201877935,,,,,,0.020833333333333332,
477,351320,Cristais Paulista,0.034482758620689655,,0.023255813953488372,0.023809523809523808,0.4,0.5,,,0.007629107981220657,0.013333333333333334,,,,,0.020833333333333332,
478,354350,Riversul,,,0.023255813953488372,0.023809523809523808,0.2,0.25,,,0.0011737089201877935,0.013333333333333334,,,,,0.020833333333333332,
479,354220,Rancharia,0.034482758620689655,0.2,0.046511627906976744,0.023809523809523808,0.4,0.5,,,0.0539906103286385,0.09333333333333334,0.06666666666666667,,,,0.020833333333333332,
480,354530,Salto de Pirapora,0.06896551724137931,0.2,0.046511627906976744,0.047619047619047616,0.2,,,,0.00528169014084507,0.013333333333333334,,,,,0.041666666666666664,0.16666666666666666
481,352480,Jales,0.034482758620689655,0.2,0.023255813953488372,0.023809523809523808,0.2,0.25,0.5,1.0,0.09272300469483569,0.10666666666666667,,,,,0.020833333333333332,0.16666666666666666
482,353480,Ouro Verde,,,0.023255813953488372,0.023809523809523808,0.2,0.25,,,0.01584507042253521,0.02666666666666667,,,,,,
483,351630,Francisco Morato,0.1724137931034483,0.2,0.09302325581395349,0.07142857142857142,0.2,0.25,,,0.07922535211267606,0.09333333333333334,0.06666666666666667,,,,0.08333333333333333,0.16666666666666666
484,354400,Rio das Pedras,0.034482758620689655,,0.023255813953488372,0.023809523809523808,0.2,0.25,,,0.023474178403755867,0.013333333333333334,,,,,0.020833333333333332,
485,350840,Cabreúva,0.10344827586206896,,0.09302325581395349,0.07142857142857142,0.4,0.5,0.5,,0.007042253521126761,0.013333333333333334,0.06666666666666667,,,,0.10416666666666667,
486,353960,Planalto,0.034482758620689655,,0.06976744186046512,0.047619047619047616,0.2,0.25,,,0.007042253521126761,0.013333333333333334,,,,,,
487,352890,Mariápolis,,,0.023255813953488372,0.023809523809523808,0.2,0.25,,,0.0029342723004694834,0.013333333333333334,,,,,0.020833333333333332,
488,353830,Piquerobi,,,0.023255813953488372,0.023809523809523808,0.2,0.25,,,0.008802816901408451,0.013333333333333334,,,,,,
489,350275,Araçariguama,0.06896551724137931,,0.06976744186046512,0.07142857142857142,0.2,0.25,0.5,1.0,0.006455399061032864,0.013333333333333334,,,,,0.0625,
490,351170,Charqueada,0.034482758620689655,,0.023255813953488372,0.023809523809523808,0.2,,0.5,,0.04812206572769953,0.02666666666666667,0.06666666666666667,,,,0.020833333333333332,
491,355330,Tambaú,,,0.06976744186046512,0.07142857142857142,0.4,0.25,0.5,1.0,0.058098591549295774,0.04,0.06666666666666667,,,,0.020833333333333332,0.16666666666666666
492,355200,Silveiras,0.06896551724137931,,0.046511627906976744,0.047619047619047616,0.2,0.25,,,0.004107981220657277,0.013333333333333334,,,,,0.08333333333333333,0.16666666666666666
493,353657,Paulistânia,,,,,0.2,0.25,,,0.00528169014084507,,0.06666666666666667,,,,0.020833333333333332,
494,355510,Tupi Paulista,0.034482758620689655,0.2,0.023255813953488372,0.023809523809523808,0.2,0.25,,,0.04870892018779343,0.04,0.06666666666666667,,,,,
495,351040,Capivari,0.034482758620689655,0.2,,,0.2,0.25,,,0.03345070422535211,0.04,0.06666666666666667,,,,0.020833333333333332,0.16666666666666666
496,351500,Embu das Artes,0.13793103448275862,0.4,0.11627906976744186,0.09523809523809523,0.2,,0.5,1.0,0.004107981220657277,0.013333333333333334,0.06666666666666667,,,,0.10416666666666667,0.16666666666666666
497,350580,Bastos,0.034482758620689655,,0.023255813953488372,0.023809523809523808,0.2,0.25,,,0.11737089201877934,0.02666666666666667,,,,,0.020833333333333332,
498,350710,Bom Jesus dos Perdões,0.06896551724137931,,0.023255813953488372,0.023809523809523808,0.2,0.25,,,0.002347417840375587,,0.06666666666666667,,,,0.0625,
499,354050,Porangaba,0.034482758620689655,,0.023255813953488372,0.023809523809523808,0.2,0.25,0.5,,0.017018779342723004,0.013333333333333334,,,,,0.020833333333333332,
500,350715,Bom Sucesso de Itararé,,,0.046511627906976744,0.047619047619047616,0.2,0.25,,,0.0005868544600938967,0.013333333333333334,0.06666666666666667,,,,0.020833333333333332,
501,353700,Pedregulho,0.034482758620689655,0.2,0.046511627906976744,0.047619047619047616,0.6,0.75,,,0.009389671361502348,0.05333333333333334,,,,,0.020833333333333332,0.16666666666666666
502,351760,Guapiara,0.1724137931034483,0.2,0.13953488372093023,0.11904761904761904,,,,,0.0017605633802816902,0.02666666666666667,0.13333333333333333,,,,0.2916666666666667,0.16666666666666666
503,352760,Luís Antônio,0.034482758620689655,,0.023255813953488372,0.023809523809523808,0.2,0.25,,,0.014084507042253521,0.013333333333333334,,,,,,
504,352630,Lagoinha,,,0.046511627906976744,0.047619047619047616,0.2,0.25,,,0.004107981220657277,,,,,,0.4375,0.16666666666666666
505,354790,Santo Antônio da Alegria,,,0.023255813953488372,0.023809523809523808,0.2,0.25,,,0.009976525821596244,0.013333333333333334,,,,,,
506,351890,Guzolândia,0.034482758620689655,,0.046511627906976744,0.047619047619047616,,,,,0.018192488262910797,0.02666666666666667,,,,,0.020833333333333332,
507,354660,Santa Fé do Sul,0.034482758620689655,0.2,0.046511627906976744,0.047619047619047616,0.2,,,,0.11678403755868545,0.09333333333333334,,,,,0.020833333333333332,
508,355050,São Pedro do Turvo,0.06896551724137931,0.2,0.023255813953488372,0.023809523809523808,0.2,0.25,,,0.020539906103286387,0.02666666666666667,,,,,0.020833333333333332,0.16666666666666666
509,354970,São José do Rio Pardo,0.034482758620689655,0.2,0.09302325581395349,0.09523809523809523,0.4,0.5,0.5,1.0,0.10269953051643192,0.09333333333333334,0.06666666666666667,,,,0.020833333333333332,0.16666666666666666
510,350320,Araraquara,0.10344827586206896,0.2,0.06976744186046512,0.07142857142857142,0.2,0.25,,,0.142018779342723,0.06666666666666667,0.06666666666666667,,,,0.041666666666666664,0.16666666666666666
511,354840,Santópolis do Aguapeí,,,0.023255813953488372,0.023809523809523808,,,,,0.004107981220657277,0.013333333333333334,,,,,,
512,354180,Queiroz,,,,,,,,,0.014671361502347418,0.02666666666666667,,,,,,
513,352350,Itatinga,0.06896551724137931,,0.023255813953488372,0.023809523809523808,0.2,0.25,,,0.022300469483568074,,,,,,0.041666666666666664,
514,353350,Novo Horizonte,0.034482758620689655,,0.11627906976744186,0.11904761904761904,0.4,0.25,,,0.0880281690140845,0.10666666666666667,,,,,0.020833333333333332,
515,355290,Taciba,0.034482758620689655,,0.023255813953488372,,0.2,0.25,,,0.0029342723004694834,0.013333333333333334,,,,,,
516,352220,Itapecerica da Serra,0.034482758620689655,0.2,0.20930232558139536,0.19047619047619047,0.2,0.25,,,0.0011737089201877935,0.013333333333333334,0.06666666666666667,1.0,,,0.08333333333333333,
517,353220,Narandiba,0.034482758620689655,0.2,0.023255813953488372,0.023809523809523808,0.2,0.25,,,0.01936619718309859,0.02666666666666667,,,,,,
518,353530,Palmital,,,0.023255813953488372,0.023809523809523808,0.2,0.25,,,0.02640845070422535,,,,,,0.020833333333333332,
519,351280,Cosmópolis,0.034482758620689655,0.2,0.023255813953488372,0.023809523809523808,0.2,0.25,,,0.018779342723004695,0.013333333333333334,0.06666666666666667,,,,0.020833333333333332,
520,352530,Jaú,0.06896551724137931,0.2,0.023255813953488372,0.023809523809523808,0.4,0.25,,,0.1449530516431925,0.41333333333333333,,,,,0.020833333333333332,
521,351590,Floreal,,,0.046511627906976744,0.047619047619047616,,,,,0.007042253521126761,0.013333333333333334,,,,,0.020833333333333332,
522,350450,Avaré,0.034482758620689655,,0.06976744186046512,0.07142857142857142,0.4,0.5,0.5,,0.022887323943661973,0.04,,,,,0.041666666666666664,0.16666666666666666
523,355640,Vargem Grande do Sul,0.034482758620689655,0.2,0.023255813953488372,,0.2,0.25,,,0.062206572769953054,0.04,0.06666666666666667,,,,0.020833333333333332,
524,350630,Bernardino de Campos,0.034482758620689655,,0.023255813953488372,0.023809523809523808,0.2,0.25,0.5,,0.03286384976525822,0.02666666666666667,,,1.0,1.0,0.020833333333333332,
525,352400,Itupeva,0.034482758620689655,,0.023255813953488372,0.023809523809523808,0.2,0.25,,,0.007629107981220657,0.013333333333333334,0.06666666666666667,,,,0.0625,
526,353400,Onda Verde,,,0.023255813953488372,0.023809523809523808,0.2,0.25,,,0.027582159624413145,0.013333333333333334,,,,,,
527,351460,Dumont,0.034482758620689655,,0.023255813953488372,0.023809523809523808,0.2,0.25,,,0.024061032863849766,0.02666666666666667,,,,,,
528,351940,Ibirá,,,0.023255813953488372,0.023809523809523808,,,,,0.03227699530516432,0.02666666666666667,,,,,0.020833333333333332,
529,352940,Mauá,0.06896551724137931,,0.06976744186046512,0.047619047619047616,,,,,0.0029342723004694834,,,,,,0.10416666666666667,
530,354490,Sales Oliveira,0.034482758620689655,0.2,0.023255813953488372,0.023809523809523808,,,,,0.006455399061032864,,,,,,0.020833333333333332,0.16666666666666666
531,355160,Serra Negra,0.06896551724137931,,0.023255813953488372,0.023809523809523808,0.4,0.5,,,0.025821596244131457,0.013333333333333334,0.2,1.0,,,0.1875,
532,350150,Alvinlândia,0.034482758620689655,,0.023255813953488372,0.023809523809523808,0.2,0.25,,,0.0017605633802816902,,,,,,,
533,350020,Adolfo,,,0.046511627906976744,0.047619047619047616,0.2,0.25,,,0.01232394366197183,0.013333333333333334,,,,,0.020833333333333332,
534,350500,Barão de Antonina,0.034482758620689655,0.2,0.023255813953488372,0.023809523809523808,0.2,0.25,,,0.0005868544600938967,,,,,,0.020833333333333332,
535,352180,Itaí,0.034482758620689655,,0.023255813953488372,0.023809523809523808,0.2,0.25,0.5,,0.007042253521126761,0.02666666666666667,,,,,0.125,0.16666666666666666
536,353180,Monte Mor,0.034482758620689655,,0.023255813953488372,0.023809523809523808,0.2,,0.5,,0.01995305164319249,0.013333333333333334,,,,,0.020833333333333332,
537,355645,Vargem Grande Paulista,0.06896551724137931,0.2,0.06976744186046512,0.07142857142857142,,,,,0.0011737089201877935,0.013333333333333334,0.06666666666666667,,,,0.0625,
538,354100,Praia Grande,0.06896551724137931,0.2,0.09302325581395349,0.09523809523809523,,,0.5,1.0,0.0005868544600938967,0.013333333333333334,,,,,0.020833333333333332,
539,350635,Bertioga,0.13793103448275862,0.6,0.2558139534883721,0.23809523809523808,,,0.5,1.0,0.0011737089201877935,0.02666666666666667,,,,,,
540,352050,Indaiatuba,0.06896551724137931,,0.023255813953488372,0.023809523809523808,0.4,0.25,,,0.03697183098591549,0.04,0.06666666666666667,,,,0.020833333333333332,
541,353050,Mococa,0.034482758620689655,0.2,0.09302325581395349,0.09523809523809523,0.4,0.5,0.5,1.0,0.14964788732394366,0.13333333333333333,,,,,0.041666666666666664,0.16666666666666666
542,354105,Pratânia,0.034482758620689655,0.2,0.023255813953488372,0.023809523809523808,0.2,0.25,,,0.009976525821596244,,,,,,0.020833333333333332,
543,355470,Torrinha,0.034482758620689655,0.2,0.023255813953488372,0.023809523809523808,0.4,0.25,,,0.02992957746478873,0.02666666666666667,0.06666666666666667,,,,0.020833333333333332,
544,354360,Rifaina,0.034482758620689655,0.2,0.023255813953488372,0.023809523809523808,,,,,0.008215962441314555,0.013333333333333334,,,,,,
545,350760,Bragança Paulista,0.27586206896551724,0.2,0.13953488372093023,0.14285714285714285,0.6,0.75,0.5,1.0,0.06807511737089202,0.02666666666666667,0.26666666666666666,,,,0.4166666666666667,0.16666666666666666
546,354230,Redenção da Serra,0.034482758620689655,,0.046511627906976744,0.047619047619047616,,,,,0.0017605633802816902,,,,,,0.0625,
547,353790,Pilar do Sul,0.034482758620689655,,0.16279069767441862,0.16666666666666666,0.2,0.25,,,0.011150234741784037,0.013333333333333334,0.06666666666666667,,,,0.0625,0.16666666666666666
548,354710,Santa Mercedes,,,0.023255813953488372,,,,,,0.009976525821596244,0.013333333333333334,,,,,,
549,355100,São Vicente,0.10344827586206896,0.2,0.11627906976744186,0.11904761904761904,0.2,,,,0.0005868544600938967,,,,,,0.020833333333333332,
550,351810,Guarantã,0.034482758620689655,0.2,0.023255813953488372,0.023809523809523808,0.2,0.25,0.5,1.0,0.009976525821596244,0.02666666666666667,,,,,,
551,352810,Macaubal,0.034482758620689655,,0.023255813953488372,0.023809523809523808,0.2,,,,0.04812206572769953,0.013333333333333334,,,,,,
552,353660,Paulo de Faria,0.034482758620689655,,0.046511627906976744,0.023809523809523808,0.2,0.25,,,0.029342723004694836,0.04,,,,,0.020833333333333332,
553,350890,Caiabu,,,,,,,,,0.004107981220657277,0.013333333333333334,,,,,,
554,353970,Platina,0.034482758620689655,,,,,,,,0.0029342723004694834,0.013333333333333334,,,,,,
555,355475,Trabiju,,,0.023255813953488372,0.023809523809523808,,,,,0.004694835680751174,0.013333333333333334,,,,,,
556,355340,Tanabi,0.034482758620689655,,0.13953488372093023,0.09523809523809523,0.4,,,,0.11737089201877934,0.09333333333333334,,,,,0.020833333333333332,
557,355210,Socorro,0.06896551724137931,0.2,0.046511627906976744,0.023809523809523808,0.8,0.75,0.5,,0.11150234741784038,0.08,0.13333333333333333,,,,0.08333333333333333,
558,351330,Cruzália,,,0.023255813953488372,,,,,,0.004694835680751174,,,,,,,
559,351200,Colina,0.034482758620689655,0.2,0.023255813953488372,0.023809523809523808,0.2,0.25,,,0.029342723004694836,0.08,,,,,0.020833333333333332,
560,350280,Araçatuba,0.06896551724137931,0.2,0.11627906976744186,0.11904761904761904,0.4,0.25,0.5,1.0,0.7341549295774648,1.0,0.06666666666666667,,1.0,1.0,0.020833333333333332,
561,351510,Embu-Guaçu,0.13793103448275862,0.2,0.18604651162790697,0.16666666666666666,0.2,0.25,0.5,,0.0011737089201877935,,0.13333333333333333,1.0,1.0,1.0,0.14583333333333334,0.16666666666666666
562,350590,Batatais,0.06896551724137931,0.2,0.09302325581395349,0.07142857142857142,0.6,0.5,0.5,1.0,0.09624413145539906,0.06666666666666667,,,,,0.020833333333333332,
563,354540,Salto Grande,0.034482758620689655,0.2,,,0.2,0.25,,,0.014671361502347418,0.013333333333333334,,,,,,
564,350940,Cajuru,,,0.06976744186046512,0.07142857142857142,0.2,0.25,,,0.008802816901408451,0.02666666666666667,,,,,,
565,352490,Jambeiro,,,0.023255813953488372,0.023809523809523808,,,0.5,1.0,0.0005868544600938967,0.013333333333333334,,,,,0.125,0.16666666666666666
566,353490,Pacaembu,,,0.023255813953488372,0.023809523809523808,,,,,0.03814553990610329,0.013333333333333334,,,,,,
567,351640,Franco da Rocha,0.06896551724137931,0.2,0.046511627906976744,0.047619047619047616,0.2,0.25,0.5,1.0,0.04342723004694836,0.06666666666666667,0.06666666666666667,,,,0.08333333333333333,0.16666666666666666
568,350945,Campina do Monte Alegre,0.034482758620689655,0.2,0.023255813953488372,0.023809523809523808,,,,,0.002347417840375587,0.013333333333333334,,,,,,
569,354670,Santa Gertrudes,0.034482758620689655,,,,,,,,0.012910798122065728,0.013333333333333334,0.13333333333333333,,,,0.020833333333333332,
570,351512,Emilianópolis,,,0.023255813953488372,0.023809523809523808,,,0.5,,0.007042253521126761,,,,,,,
571,353100,Monções,,,0.023255813953488372,,,,,,0.008215962441314555,0.013333333333333334,,,,,0.020833333333333332,
572,355520,Turiúba,,,0.023255813953488372,0.023809523809523808,0.2,0.25,,,0.008802816901408451,0.013333333333333334,,,,,,
573,350200,Analândia,0.034482758620689655,0.2,0.023255813953488372,0.023809523809523808,0.2,0.25,0.5,,0.0029342723004694834,,0.06666666666666667,,,,0.020833333333333332,
574,354150,Presidente Venceslau,,,0.023255813953488372,0.023809523809523808,0.2,0.25,0.5,,0.16842723004694835,0.13333333333333333,0.06666666666666667,,,,0.020833333333333332,0.16666666666666666
575,351050,Caraguatatuba,0.2413793103448276,0.6,0.2558139534883721,0.2619047619047619,0.2,0.25,0.5,1.0,0.0011737089201877935,0.013333333333333334,0.06666666666666667,,,,0.041666666666666664,0.16666666666666666
576,351519,Espírito Santo do Turvo,0.034482758620689655,0.2,0.023255813953488372,0.023809523809523808,0.2,0.25,,,0.005868544600938967,0.02666666666666667,,,,,,
577,351518,Espírito Santo do Pinhal,0.034482758620689655,0.2,0.06976744186046512,0.07142857142857142,0.4,0.5,,,0.03873239436619718,0.013333333333333334,0.26666666666666666,1.0,,,0.1875,0.16666666666666666
578,352360,Itirapina,0.034482758620689655,,0.023255813953488372,0.023809523809523808,0.2,0.25,,,0.017018779342723004,0.02666666666666667,,,,,0.020833333333333332,0.16666666666666666
579,353360,Nuporanga,,,0.023255813953488372,0.023809523809523808,,,,,0.01056338028169014,0.013333333333333334,,,,,0.020833333333333332,
580,351515,Engenheiro Coelho,0.034482758620689655,0.2,,,,,,,0.008215962441314555,,,,,,,
581,354020,Pontal,,,0.023255813953488372,0.023809523809523808,0.2,0.25,,,0.10152582159624413,0.06666666666666667,,,,,0.020833333333333332,0.16666666666666666
582,352230,Itapetininga,0.06896551724137931,0.2,0.16279069767441862,0.16666666666666666,0.4,0.5,0.5,,0.011150234741784037,0.13333333333333333,,,,,0.041666666666666664,0.16666666666666666
583,353230,Natividade da Serra,0.06896551724137931,0.2,0.09302325581395349,0.09523809523809523,0.2,0.25,,,0.0011737089201877935,,,,,,0.10416666666666667,0.16666666666666666
584,354500,Salesópolis,0.034482758620689655,0.2,0.18604651162790697,0.16666666666666666,,,,,0.0005868544600938967,0.013333333333333334,0.06666666666666667,1.0,,,0.041666666666666664,
585,354325,Ribeirão Grande,0.034482758620689655,,0.023255813953488372,0.023809523809523808,,,0.5,1.0,0.0005868544600938967,0.013333333333333334,,,,,0.0625,0.16666666666666666
586,351290,Cosmorama,0.034482758620689655,,0.046511627906976744,0.047619047619047616,0.2,0.25,,,0.028755868544600938,0.04,,,,,,
587,350460,Bady Bassitt,0.034482758620689655,,0.06976744186046512,0.047619047619047616,0.2,,,,0.06807511737089202,0.02666666666666667,,,,,0.020833333333333332,
588,353710,Pedreira,0.034482758620689655,,0.023255813953488372,0.023809523809523808,0.2,0.25,0.5,1.0,0.024061032863849766,0.02666666666666667,0.06666666666666667,,,,0.020833333333333332,
589,355650,Várzea Paulista,,,0.023255813953488372,0.023809523809523808,0.2,0.25,,,0.008802816901408451,0.013333333333333334,0.06666666666666667,,,,0.020833333333333332,
590,351770,Guará,0.034482758620689655,0.2,0.023255813953488372,0.023809523809523808,0.2,0.25,,,0.017605633802816902,0.02666666666666667,,,,,,
591,352770,Luiziânia,0.034482758620689655,,0.023255813953488372,0.023809523809523808,,,,,0.03051643192488263,0.02666666666666667,,,,,,
592,353715,Pedrinhas Paulista,,,,,,,,,0.0017605633802816902,,,,,,,
593,350810,Buritama,,,0.06976744186046512,0.07142857142857142,,,,,0.10915492957746478,0.05333333333333334,,,,,,
594,352640,Laranjal Paulista,0.034482758620689655,,0.023255813953488372,0.023809523809523808,0.2,0.25,,,0.0357981220657277,0.013333333333333334,,,,,0.020833333333333332,
595,351950,Ibirarema,,,0.023255813953488372,0.023809523809523808,0.2,0.25,0.5,,0.0035211267605633804,,,,,,,
596,352950,Mendonça,0.034482758620689655,,0.06976744186046512,0.047619047619047616,0.2,,,,0.03873239436619718,0.02666666666666667,,,,,,
597,352450,Jaci,0.034482758620689655,,0.06976744186046512,0.047619047619047616,0.2,0.25,0.5,,0.03755868544600939,0.013333333333333334,,,,,0.020833333333333332,
598,352585,Jumirim,,,,,0.2,,,,0.011737089201877934,0.013333333333333334,,,,,,
599,354630,Santa Cruz das Palmeiras,0.034482758620689655,,0.023255813953488372,0.023809523809523808,0.2,0.25,,,0.04812206572769953,0.05333333333333334,,,,,,
600,354025,Pontalinda,0.034482758620689655,,0.023255813953488372,0.023809523809523808,,,,,0.02112676056338028,0.02666666666666667,,,,,,
601,355020,São Miguel Arcanjo,0.10344827586206896,0.2,0.20930232558139536,0.21428571428571427,0.4,0.25,,,0.009389671361502348,0.04,0.06666666666666667,,,,0.2916666666666667,0.3333333333333333
602,350330,Araras,0.06896551724137931,0.2,0.023255813953488372,0.023809523809523808,0.2,0.25,,,0.03345070422535211,0.02666666666666667,0.06666666666666667,,,,0.041666666666666664,
603,351010,Cândido Rodrigues,,,0.023255813953488372,0.023809523809523808,0.2,0.25,,,0.0011737089201877935,0.013333333333333334,,,,,,
604,350510,Barbosa,0.034482758620689655,,0.046511627906976744,0.023809523809523808,,,,,0.04518779342723005,0.04,,,,,,
605,350335,Arco-Íris,,,0.023255813953488372,0.023809523809523808,,,,,0.011737089201877934,,,,,,,
606,355390,Tarabai,,,,,0.2,0.25,,,0.007042253521126761,0.013333333333333334,,,,,,
607,355395,Tarumã,,,,,0.2,0.25,,,0.005868544600938967,0.013333333333333334,,,,,0.020833333333333332,
608,352320,Itararé,0.06896551724137931,0.2,0.023255813953488372,0.023809523809523808,0.2,0.25,,,0.007042253521126761,0.02666666666666667,0.06666666666666667,,,,0.10416666666666667,0.16666666666666666
609,350640,Bilac,,,0.023255813953488372,0.023809523809523808,0.2,0.25,,,0.02523474178403756,0.05333333333333334,,,,,,
610,354280,Ribeira,,,0.046511627906976744,0.047619047619047616,0.2,0.25,0.5,1.0,0.0005868544600938967,,,,,,0.020833333333333332,
611,355610,Valentim Gentil,0.034482758620689655,,0.023255813953488372,0.023809523809523808,0.2,0.25,0.5,,0.051643192488262914,0.04,,,,,0.020833333333333332,
612,351015,Canitar,0.034482758620689655,,,,,,,,0.008802816901408451,0.013333333333333334,,,,,,
613,354460,Sabino,,,0.046511627906976744,0.047619047619047616,0.2,0.25,,,0.006455399061032864,0.02666666666666667,,,,,0.020833333333333332,
614,354765,Santa Salete,0.034482758620689655,,0.023255813953488372,0.023809523809523808,0.2,,,,0.008215962441314555,0.013333333333333334,,,,,,
615,351820,Guararapes,0.034482758620689655,,0.023255813953488372,0.023809523809523808,0.2,0.25,,,0.13262910798122066,0.09333333333333334,,,,,,
616,354940,São Joaquim da Barra,0.034482758620689655,,0.06976744186046512,0.047619047619047616,0.2,0.25,,,0.08450704225352113,0.04,0.06666666666666667,,,,,
617,352820,Macedônia,,,0.023255813953488372,0.023809523809523808,0.2,0.25,,,0.007042253521126761,0.013333333333333334,,,,,0.020833333333333332,
618,353670,Pederneiras,,,0.046511627906976744,0.023809523809523808,0.2,0.25,,,0.02523474178403756,0.02666666666666667,,,,,0.020833333333333332,
619,350160,Americana,0.06896551724137931,,0.023255813953488372,0.023809523809523808,,,,,0.25997652582159625,0.13333333333333333,0.06666666666666667,,,,0.020833333333333332,
620,355130,Sebastianópolis do Sul,,,0.023255813953488372,0.023809523809523808,0.2,,,,0.007042253521126761,0.013333333333333334,,,,,,
621,354810,Santo Antônio do Jardim,,,0.023255813953488372,0.023809523809523808,0.2,0.25,,,0.005868544600938967,0.013333333333333334,0.06666666666666667,,,,0.14583333333333334,
622,353890,Pirajuí,0.034482758620689655,,0.023255813953488372,0.023809523809523808,0.2,0.25,0.5,,0.08157276995305164,0.04,,,,,0.020833333333333332,
623,353150,Monte Azul Paulista,,,,,0.2,0.25,,,0.04636150234741784,0.04,,,,,,
624,352150,Irapuã,,,0.046511627906976744,0.047619047619047616,,,,,0.02171361502347418,0.013333333333333334,,,,,0.020833333333333332,
625,355260,Tabapuã,,,0.023255813953488372,0.023809523809523808,,,,,0.03345070422535211,0.013333333333333334,,,,,0.020833333333333332,
626,353020,Mirante do Paranapanema,,,0.023255813953488372,0.023809523809523808,0.2,0.25,,,0.1267605633802817,0.08,,,,,0.020833333333333332,
627,350290,Araçoiaba da Serra,0.10344827586206896,0.2,0.06976744186046512,0.07142857142857142,,,,,0.0035211267605633804,0.013333333333333334,0.06666666666666667,,,,0.041666666666666664,0.16666666666666666
628,355570,União Paulista,,,0.023255813953488372,0.023809523809523808,,,,,0.005868544600938967,0.013333333333333334,,,,,,
629,353500,Palestina,,,0.046511627906976744,0.023809523809523808,0.2,0.25,0.5,,0.07511737089201878,0.04,,,,,0.020833333333333332,
630,353325,Novais,,,0.023255813953488372,0.023809523809523808,,,,,0.008802816901408451,0.013333333333333334,,,,,,
631,352020,Igaratá,0.13793103448275862,,0.11627906976744186,0.09523809523809523,0.2,0.25,,,0.004107981220657277,0.013333333333333334,0.06666666666666667,,,,0.3541666666666667,0.16666666666666666
632,352500,Jandira,0.034482758620689655,0.2,0.023255813953488372,,,,,,0.01056338028169014,0.013333333333333334,0.06666666666666667,,,,0.020833333333333332,
633,355440,Terra Roxa,,,0.023255813953488372,0.023809523809523808,,,,,0.0017605633802816902,0.013333333333333334,,,,,,
634,351560,Fernando Prestes,,,0.023255813953488372,,,,,,0.013497652582159625,0.013333333333333334,,,,,,
635,350770,Braúna,,,0.023255813953488372,0.023809523809523808,,,,,0.02640845070422535,0.02666666666666667,,,,,,
636,351385,Dirce Reis,0.034482758620689655,,0.023255813953488372,0.023809523809523808,0.2,0.25,,,0.004694835680751174,,,,,,,
637,350775,Brejo Alegre,,,0.023255813953488372,0.023809523809523808,,,,,0.017018779342723004,0.013333333333333334,,,,,,
638,350950,Campinas,0.27586206896551724,0.2,0.06976744186046512,0.07142857142857142,0.6,0.5,0.5,1.0,0.3855633802816901,0.22666666666666666,0.4,1.0,,,0.20833333333333334,0.16666666666666666
639,351430,Dourado,0.034482758620689655,,0.023255813953488372,0.023809523809523808,0.2,0.25,0.5,1.0,0.02171361502347418,0.013333333333333334,0.06666666666666667,,,,0.020833333333333332,
640,351565,Fernão,,,,,0.2,0.25,,,0.00528169014084507,0.013333333333333334,,,,,,
641,353760,Peruíbe,0.06896551724137931,0.2,0.2558139534883721,0.23809523809523808,,,,,0.0005868544600938967,0.013333333333333334,0.06666666666666667,,,,0.020833333333333332,0.16666666666666666
642,353630,Patrocínio Paulista,0.034482758620689655,0.2,0.046511627906976744,0.047619047619047616,0.2,0.25,,,0.022300469483568074,0.05333333333333334,,,,,0.020833333333333332,0.16666666666666666
643,350120,Álvares Florence,0.034482758620689655,0.2,0.046511627906976744,0.023809523809523808,0.2,0.25,,,0.024061032863849766,0.013333333333333334,,,,,0.020833333333333332,
644,351690,General Salgado,0.034482758620689655,,0.06976744186046512,0.047619047619047616,0.2,0.25,,,0.05868544600938967,0.05333333333333334,,,,,,
